scaled_model_static_coords.mot
version=1
datacolumns 20
datarows 575
range 0.00000 5.74000
inDegrees=yes
endheader
time	pelvis_tilt	pelvis_list	pelvis_rotation	hip_flexion_r	hip_adduction_r	hip_rotation_r	knee_angle_r	ankle_angle_r	hip_flexion_l	hip_adduction_l	hip_rotation_l	knee_angle_l	ankle_angle_l	pelvis_tx	pelvis_ty	pelvis_tz	lumbar_bending	lumbar_rotation	lumbar_extension
0.000000	9.406641	-0.835057	177.193702	6.587358	-1.027536	-2.695463	2.171841	-3.162926	5.848686	1.406073	-4.934277	2.633040	-1.040970	0.705680	0.973011	0.306054	1.675909	-2.243443	12.142722
0.010000	9.325842	-0.932564	177.065544	6.417632	-1.133092	-2.753492	2.296728	-3.019688	5.745979	1.445054	-4.506037	2.621983	-0.786025	0.705540	0.972574	0.305970	1.892180	-2.310538	11.951686
0.020000	9.288461	-0.994973	176.875132	6.292318	-1.195682	-2.913178	2.419986	-2.629697	5.604607	1.486177	-4.364540	2.764270	-0.351329	0.705521	0.971716	0.306028	2.157274	-2.313653	11.862158
0.030000	9.286013	-0.967236	176.840473	6.268396	-1.164182	-2.969419	2.448358	-2.495315	5.555933	1.467236	-4.486927	2.838189	-0.226840	0.705535	0.971481	0.306064	2.177606	-2.270859	11.878086
0.040000	9.278215	-0.926607	176.812413	6.237668	-1.119544	-3.028188	2.478144	-2.358755	5.500052	1.436508	-4.643108	2.913926	-0.105181	0.705546	0.971263	0.306093	2.180341	-2.217390	11.895346
0.050000	9.262188	-0.879644	176.792429	6.198663	-1.069549	-3.087607	2.507292	-2.228789	5.439348	1.398333	-4.807539	2.981742	0.004126	0.705550	0.971076	0.306106	2.169768	-2.161707	11.907839
0.060000	9.237831	-0.833571	176.782635	6.152530	-1.022489	-3.147796	2.533760	-2.111097	5.377101	1.358683	-4.954997	3.036013	0.094861	0.705544	0.970925	0.306101	2.152652	-2.112193	11.913130
0.070000	9.207577	-0.794246	176.785862	6.101921	-0.984852	-3.209875	2.557208	-2.008901	5.316495	1.323081	-5.066448	3.076662	0.164672	0.705527	0.970804	0.306078	2.136043	-2.074521	11.912084
0.080000	9.175615	-0.764738	176.805170	6.050392	-0.959766	-3.273797	2.579223	-1.925216	5.260770	1.295060	-5.132584	3.107488	0.212273	0.705500	0.970701	0.306045	2.124823	-2.050269	11.907884
0.090000	9.146919	-0.744508	176.842656	6.002022	-0.946118	-3.337248	2.602240	-1.863946	5.213628	1.275077	-5.152965	3.133025	0.235866	0.705465	0.970612	0.306008	2.120505	-2.036742	11.905022
0.100000	9.126199	-0.729099	176.898295	5.961125	-0.938239	-3.396791	2.627406	-1.828759	5.179215	1.259716	-5.132304	3.155526	0.235046	0.705426	0.970540	0.305972	2.121608	-2.027651	11.908260
0.110000	9.116838	-0.711131	176.969740	5.931885	-0.926962	-3.450126	2.652645	-1.820603	5.161513	1.242201	-5.076664	3.173400	0.214111	0.705387	0.970490	0.305945	2.125279	-2.015072	11.921346
0.120000	9.119919	-0.683373	177.053106	5.917533	-0.903013	-3.497333	2.672727	-1.835744	5.163271	1.215309	-4.991019	3.181814	0.182941	0.705353	0.970466	0.305927	2.129624	-1.992988	11.945537
0.130000	9.133598	-0.642581	177.144387	5.918933	-0.861518	-3.540382	2.681845	-1.865834	5.184804	1.175392	-4.878097	3.175103	0.154326	0.705335	0.970467	0.305918	2.135422	-1.960594	11.978499
0.140000	9.153329	-0.591217	177.241208	5.933235	-0.804477	-3.581882	2.677186	-1.900056	5.223222	1.124465	-4.738640	3.149793	0.139928	0.705344	0.970484	0.305915	2.145606	-1.922350	12.014519
0.150000	9.173237	-0.536248	177.343592	5.953867	-0.740031	-3.624261	2.660984	-1.928123	5.272562	1.069452	-4.573504	3.107024	0.146836	0.705389	0.970507	0.305909	2.163343	-1.884694	12.046450
0.160000	9.188014	-0.486687	177.452453	5.972526	-0.679820	-3.669748	2.639565	-1.943280	5.324929	1.020010	-4.386729	3.053156	0.175315	0.705470	0.970525	0.305894	2.191049	-1.852396	12.068428
0.170000	9.194446	-0.450496	177.567375	5.982204	-0.634905	-3.720974	2.620309	-1.945006	5.372775	0.985259	-4.187230	2.997312	0.219112	0.705578	0.970531	0.305868	2.229984	-1.826253	12.077775
0.180000	9.192104	-0.431635	177.685673	5.979641	-0.611468	-3.781370	2.608694	-1.939931	5.411600	0.970376	-3.987040	2.946956	0.268792	0.705701	0.970524	0.305828	2.279551	-1.802812	12.075159
0.190000	9.183167	-0.429296	177.802470	5.966220	-0.609297	-3.854146	2.606735	-1.939057	5.441361	0.975491	-3.796479	2.904834	0.315731	0.705826	0.970505	0.305776	2.337519	-1.776910	12.063323
0.200000	9.171483	-0.439363	177.911674	5.946896	-0.623580	-3.939840	2.613122	-1.952188	5.465649	0.996887	-3.619547	2.869034	0.354394	0.705945	0.970482	0.305713	2.401079	-1.745282	12.045430
0.210000	9.161100	-0.456211	178.008108	5.927562	-0.647582	-4.034258	2.624641	-1.983001	5.489168	1.028528	-3.453212	2.835444	0.382823	0.706054	0.970461	0.305646	2.467379	-1.708284	12.024147
0.220000	9.154832	-0.473671	178.089764	5.912275	-0.674217	-4.129068	2.637920	-2.027440	5.514871	1.063002	-3.291663	2.801059	0.402211	0.706148	0.970450	0.305580	2.533362	-1.668800	12.001846
0.230000	9.153287	-0.485154	178.158696	5.901701	-0.696322	-4.215286	2.650586	-2.075709	5.542051	1.092084	-3.132777	2.766498	0.415777	0.706226	0.970451	0.305522	2.595505	-1.629432	11.981166
0.240000	9.154812	-0.484189	178.219839	5.893350	-0.707058	-4.287010	2.661573	-2.116266	5.566258	1.107743	-2.982200	2.736642	0.426958	0.706288	0.970459	0.305478	2.650094	-1.590432	11.965011
0.250000	9.156622	-0.466862	178.278299	5.883353	-0.702085	-4.342459	2.671145	-2.139605	5.581176	1.104719	-2.852139	2.719295	0.437572	0.706334	0.970465	0.305449	2.694447	-1.550750	11.955948
0.260000	9.156496	-0.434679	178.336841	5.868853	-0.682211	-4.382092	2.680423	-2.140431	5.581836	1.083272	-2.755842	2.721629	0.447309	0.706364	0.970455	0.305432	2.728281	-1.510929	11.955244
0.270000	9.153509	-0.394162	178.394887	5.849739	-0.652862	-4.406122	2.689490	-2.118129	5.567688	1.048527	-2.701659	2.744662	0.455669	0.706381	0.970421	0.305415	2.753913	-1.473879	11.961559
0.280000	9.147638	-0.353416	178.449094	5.828606	-0.620968	-4.413048	2.695601	-2.075994	5.543348	1.007033	-2.690189	2.779977	0.464108	0.706393	0.970366	0.305386	2.775318	-1.443212	11.970330
0.290000	9.139296	-0.318931	178.495174	5.809290	-0.592676	-4.399681	2.693588	-2.020063	5.516394	0.964352	-2.715441	2.812771	0.475028	0.706405	0.970301	0.305337	2.796655	-1.421732	11.975158
0.300000	9.128973	-0.293579	178.530396	5.795195	-0.571856	-4.363278	2.677792	-1.958285	5.494184	0.924161	-2.768276	2.828179	0.489118	0.706419	0.970249	0.305270	2.820494	-1.410431	11.970377
0.310000	9.116914	-0.276092	178.555440	5.787964	-0.558877	-4.305515	2.644785	-1.899657	5.481713	0.887961	-2.839524	2.816087	0.504254	0.706433	0.970232	0.305194	2.846703	-1.408081	11.952991
0.320000	9.103207	-0.262759	178.574599	5.786662	-0.551088	-4.235797	2.596316	-1.852521	5.480760	0.855822	-2.921312	2.773737	0.515701	0.706445	0.970263	0.305115	2.872803	-1.412337	11.923105
0.330000	9.088311	-0.250082	178.594666	5.788119	-0.544839	-4.170993	2.540335	-1.822403	5.490246	0.827695	-3.007154	2.706250	0.516952	0.706454	0.970344	0.305037	2.895308	-1.421522	11.882963
0.340000	9.073643	-0.236627	178.623004	5.788504	-0.537309	-4.130830	2.488891	-1.810839	5.507580	0.804317	-3.092060	2.624841	0.501432	0.706464	0.970462	0.304953	2.911473	-1.435711	11.835633
0.350000	9.061813	-0.223551	178.665075	5.785170	-0.527306	-4.130835	2.454318	-1.815986	5.530067	0.787377	-3.172900	2.543562	0.464505	0.706479	0.970596	0.304858	2.921121	-1.456901	11.784496
0.360000	9.055986	-0.213702	178.722204	5.777572	-0.514903	-4.176098	2.445420	-1.834190	5.555553	0.778676	-3.248312	2.475399	0.405661	0.706501	0.970722	0.304743	2.927651	-1.488164	11.733435
0.370000	9.058492	-0.209692	178.790751	5.766929	-0.500521	-4.258696	2.464873	-1.861228	5.582222	0.778696	-3.317810	2.428937	0.329878	0.706530	0.970816	0.304609	2.937288	-1.531897	11.686648
0.380000	9.069856	-0.212581	178.863022	5.755023	-0.484826	-4.359959	2.509453	-1.892630	5.607983	0.786079	-3.380579	2.407669	0.245907	0.706560	0.970864	0.304464	2.956964	-1.588401	11.647678
0.390000	9.088714	-0.221999	178.929360	5.742959	-0.469309	-4.456552	2.572743	-1.923266	5.630150	0.798384	-3.434472	2.411323	0.162737	0.706581	0.970857	0.304324	2.991854	-1.655375	11.617869
0.400000	9.112021	-0.236575	178.980679	5.730685	-0.455867	-4.527341	2.647487	-1.947264	5.645938	0.812709	-3.475521	2.436498	0.087662	0.706585	0.970802	0.304203	3.043233	-1.727564	11.594975
0.410000	9.135630	-0.254268	179.010536	5.717498	-0.445687	-4.558270	2.726629	-1.959319	5.653348	0.825948	-3.498889	2.476935	0.026161	0.706574	0.970715	0.304108	3.107856	-1.797040	11.573393
0.420000	9.155582	-0.272568	179.016269	5.703150	-0.438432	-4.544511	2.803689	-1.957087	5.652053	0.835026	-3.501619	2.524592	-0.017346	0.706559	0.970621	0.304036	3.179441	-1.854641	11.546446
0.430000	9.169367	-0.288045	178.999338	5.688927	-0.431556	-4.490399	2.872559	-1.943076	5.644191	0.836724	-3.485434	2.570568	-0.038369	0.706559	0.970542	0.303980	3.251243	-1.891558	11.509158
0.440000	9.176743	-0.296527	178.964572	5.678076	-0.420836	-4.407588	2.927562	-1.924256	5.634546	0.828080	-3.457169	2.606090	-0.032676	0.706589	0.970496	0.303934	3.318562	-1.901081	11.460096
0.450000	9.180150	-0.294826	178.918580	5.675496	-0.402838	-4.311851	2.964130	-1.908789	5.629682	0.807959	-3.426268	2.624466	0.001255	0.706660	0.970490	0.303895	3.379964	-1.880811	11.401981
0.460000	9.184351	-0.282540	178.868461	5.687022	-0.377369	-4.219115	2.979031	-1.901607	5.636448	0.778329	-3.401252	2.622958	0.059770	0.706767	0.970520	0.303865	3.436170	-1.833959	11.341022
0.470000	9.195009	-0.262436	178.821107	5.718238	-0.347986	-4.141819	2.970217	-1.902061	5.660337	0.744080	-3.387127	2.603374	0.133300	0.706899	0.970581	0.303842	3.487727	-1.768824	11.285137
0.480000	9.216464	-0.239281	178.782700	5.772565	-0.320333	-4.086962	2.937200	-1.905318	5.703984	0.711301	-3.383740	2.570967	0.208155	0.707047	0.970666	0.303826	3.533561	-1.696701	11.241376
0.490000	9.249547	-0.217645	178.758301	5.849089	-0.299508	-4.056413	2.881904	-1.905789	5.766202	0.684665	-3.384678	2.531842	0.271146	0.707206	0.970770	0.303814	3.571178	-1.628989	11.213321
0.500000	9.290551	-0.199858	178.751436	5.941190	-0.287990	-4.048672	2.809330	-1.899790	5.841930	0.665368	-3.377864	2.490179	0.314705	0.707381	0.970888	0.303802	3.597949	-1.574603	11.199692
0.510000	9.331927	-0.185592	178.763449	6.036900	-0.285269	-4.060039	2.727613	-1.886828	5.922832	0.651228	-3.349294	2.447448	0.338261	0.707575	0.971012	0.303787	3.612574	-1.538929	11.194982
0.520000	9.364567	-0.173543	178.792583	6.121248	-0.289483	-4.083879	2.647438	-1.870367	5.998254	0.639115	-3.289054	2.404554	0.345082	0.707787	0.971129	0.303771	3.616117	-1.524599	11.191889
0.530000	9.380867	-0.163520	178.833331	6.180214	-0.299477	-4.109354	2.580350	-1.857554	6.057015	0.627615	-3.196726	2.364456	0.338641	0.708004	0.971229	0.303751	3.612188	-1.532579	11.184322
0.540000	9.377244	-0.156772	178.877079	6.205356	-0.315263	-4.122341	2.535189	-1.856429	6.090594	0.617713	-3.083431	2.331722	0.321849	0.708207	0.971302	0.303728	3.605733	-1.561790	11.169480
0.550000	9.355291	-0.154841	178.914262	6.197248	-0.336999	-4.109550	2.514164	-1.871691	6.096418	0.611688	-2.969333	2.309587	0.298177	0.708380	0.971346	0.303708	3.600953	-1.608080	11.148334
0.560000	9.321275	-0.158757	178.937069	6.165442	-0.364020	-4.063981	2.512060	-1.902093	6.078885	0.611867	-2.877337	2.298217	0.271808	0.708511	0.971365	0.303697	3.599790	-1.664670	11.124626
0.570000	9.283804	-0.169054	178.941821	6.124429	-0.394742	-3.988352	2.519050	-1.940166	6.047189	0.620019	-2.825597	2.295352	0.245844	0.708596	0.971372	0.303700	3.601451	-1.724234	11.102617
0.580000	9.250413	-0.185973	178.930199	6.087565	-0.427187	-3.894561	2.525019	-1.973855	6.011143	0.637256	-2.822082	2.298211	0.219648	0.708639	0.971378	0.303721	3.602968	-1.781105	11.084455
0.590000	9.224944	-0.209519	178.908374	6.061986	-0.459608	-3.799932	2.523931	-1.990594	5.977214	0.664214	-2.863383	2.305640	0.187545	0.708649	0.971394	0.303754	3.600972	-1.832451	11.068886
0.600000	9.206889	-0.239313	178.884526	6.046823	-0.490970	-3.721977	2.516314	-1.982336	5.946869	0.701194	-2.937382	2.318777	0.141201	0.708636	0.971423	0.303793	3.593716	-1.878019	11.051975
0.610000	9.192508	-0.274177	178.866112	6.035098	-0.520998	-3.673514	2.508338	-1.948714	5.917716	0.747737	-3.027465	2.339565	0.075075	0.708611	0.971461	0.303830	3.581757	-1.918691	11.029124
0.620000	9.176860	-0.311500	178.857672	6.017703	-0.549175	-3.660050	2.508429	-1.897388	5.885915	0.801444	-3.116311	2.368772	-0.008613	0.708590	0.971500	0.303859	3.567096	-1.954500	10.997166
0.630000	9.155731	-0.346588	178.859728	5.987286	-0.572881	-3.680386	2.523444	-1.841632	5.848218	0.856616	-3.188816	2.405095	-0.098597	0.708584	0.971530	0.303880	3.551661	-1.983021	10.955455
0.640000	9.126925	-0.372953	178.869167	5.940630	-0.586689	-3.729508	2.556248	-1.795813	5.803194	0.904351	-3.234390	2.445533	-0.178065	0.708600	0.971547	0.303897	3.536247	-1.999444	10.905696
0.650000	9.091048	-0.384368	178.880880	5.879366	-0.584467	-3.801785	2.605487	-1.770847	5.751935	0.935199	-3.248515	2.486532	-0.231620	0.708636	0.971550	0.303916	3.520588	-1.999018	10.851146
0.660000	9.051720	-0.377724	178.889998	5.809638	-0.563109	-3.892736	2.666424	-1.771351	5.698395	0.943162	-3.232948	2.524989	-0.252002	0.708683	0.971545	0.303943	3.504206	-1.980286	10.795794
0.670000	9.014937	-0.354539	178.893654	5.741203	-0.524722	-3.998850	2.731569	-1.794992	5.649148	0.928307	-3.194129	2.558665	-0.242877	0.708731	0.971540	0.303982	3.487482	-1.946446	10.743680
0.680000	8.987577	-0.320014	178.891178	5.685781	-0.475662	-4.115992	2.791460	-1.833966	5.612176	0.896285	-3.140418	2.586147	-0.216480	0.708775	0.971540	0.304032	3.472666	-1.903819	10.698323
0.690000	8.975397	-0.280590	178.882932	5.654402	-0.423784	-4.237282	2.836536	-1.878144	5.594713	0.855417	-3.079877	2.606754	-0.187692	0.708821	0.971546	0.304091	3.464178	-1.858854	10.662035
0.700000	8.981188	-0.241955	178.869134	5.654160	-0.376205	-4.351516	2.860026	-1.919117	5.600486	0.813628	-3.019890	2.621128	-0.167990	0.708879	0.971555	0.304155	3.467411	-1.816133	10.635213
0.710000	9.003630	-0.208527	178.849628	5.685683	-0.338485	-4.443212	2.860212	-1.953698	5.627487	0.776733	-2.967804	2.632099	-0.162112	0.708961	0.971561	0.304223	3.486197	-1.778589	10.615991
0.720000	9.037219	-0.183841	178.824521	5.742703	-0.314605	-4.495419	2.840281	-1.984414	5.667845	0.747918	-2.930767	2.644244	-0.167889	0.709074	0.971559	0.304289	3.520205	-1.749099	10.600626
0.730000	9.073522	-0.170657	178.795230	5.814004	-0.306762	-4.496036	2.805950	-2.015888	5.710232	0.727806	-2.914243	2.662082	-0.178420	0.709222	0.971546	0.304348	3.563692	-1.731540	10.584760
0.740000	9.103451	-0.170434	178.765167	5.886740	-0.314979	-4.446054	2.762828	-2.049342	5.743720	0.715296	-2.920624	2.687782	-0.185315	0.709399	0.971522	0.304392	3.606759	-1.730167	10.565157
0.750000	9.119794	-0.182830	178.739265	5.949714	-0.337101	-4.364813	2.715109	-2.079201	5.761367	0.709213	-2.949256	2.719343	-0.181731	0.709599	0.971491	0.304413	3.639047	-1.747668	10.541093
0.760000	9.119117	-0.205825	178.722510	5.995687	-0.369339	-4.286922	2.665857	-2.094332	5.762041	0.709676	-2.997537	2.750506	-0.164154	0.709809	0.971459	0.304414	3.653939	-1.783245	10.514580
0.770000	9.102364	-0.236433	178.718242	6.022159	-0.407083	-4.250213	2.618304	-2.083258	5.750032	0.717992	-3.061965	2.772582	-0.132186	0.710020	0.971435	0.304402	3.650974	-1.831980	10.489158
0.780000	9.074040	-0.271509	178.727184	6.030630	-0.445837	-4.280752	2.577030	-2.040439	5.732844	0.735421	-3.138682	2.777589	-0.087333	0.710221	0.971422	0.304386	3.635234	-1.886020	10.467955
0.790000	9.040531	-0.308285	178.747749	6.025059	-0.482144	-4.383041	2.547718	-1.970136	5.718191	0.761970	-3.223584	2.761630	-0.032173	0.710407	0.971421	0.304376	3.614179	-1.937156	10.452161
0.800000	9.008272	-0.344445	178.776996	6.010475	-0.514039	-4.539591	2.535053	-1.885695	5.711576	0.795561	-3.311920	2.726421	0.030738	0.710576	0.971427	0.304372	3.594144	-1.979389	10.440547
0.810000	8.982377	-0.377785	178.811458	5.992246	-0.540782	-4.718387	2.539885	-1.804501	5.715333	0.831841	-3.397785	2.678263	0.100123	0.710728	0.971432	0.304373	3.578357	-2.009964	10.429951
0.820000	8.966031	-0.405908	178.847819	5.975804	-0.562312	-4.883618	2.557597	-1.741107	5.728928	0.865257	-3.474097	2.625878	0.175816	0.710864	0.971433	0.304370	3.566887	-2.028548	10.416386
0.830000	8.960468	-0.426492	178.883374	5.966350	-0.579028	-5.005119	2.578961	-1.701911	5.749952	0.891096	-3.533122	2.578219	0.257021	0.710983	0.971427	0.304361	3.558013	-2.035702	10.396238
0.840000	8.965199	-0.438198	178.916333	5.968132	-0.592031	-5.064099	2.593163	-1.683479	5.775180	0.907315	-3.567682	2.542717	0.340196	0.711087	0.971421	0.304347	3.549892	-2.032092	10.367242
0.850000	8.978359	-0.441650	178.945869	5.983464	-0.603435	-5.055061	2.591460	-1.674630	5.801418	0.915340	-3.573324	2.524036	0.417959	0.711180	0.971419	0.304330	3.541561	-2.018962	10.329250
0.860000	8.997044	-0.439802	178.971618	6.012068	-0.616261	-4.984897	2.569678	-1.661163	5.826117	0.919580	-3.550791	2.523105	0.480087	0.711265	0.971425	0.304317	3.533260	-1.999142	10.284658
0.870000	9.017813	-0.437457	178.992792	6.051297	-0.633831	-4.870122	2.528864	-1.631430	5.847869	0.926065	-3.507396	2.536774	0.516524	0.711347	0.971439	0.304311	3.526301	-1.977520	10.238210
0.880000	9.037486	-0.440162	179.007551	6.097163	-0.659021	-4.732739	2.474561	-1.580709	5.866776	0.940833	-3.456167	2.558550	0.521153	0.711434	0.971458	0.304310	3.522621	-1.960398	10.196039
0.890000	9.054100	-0.452423	179.013108	6.145582	-0.693197	-4.595294	2.415336	-1.512369	5.884618	0.968009	-3.412540	2.580166	0.495055	0.711528	0.971481	0.304312	3.524069	-1.953602	10.164178
0.900000	9.067440	-0.475530	179.006681	6.193227	-0.734759	-4.476298	2.360683	-1.435342	5.904461	1.007597	-3.389561	2.593377	0.447998	0.711634	0.971505	0.304312	3.531653	-1.960055	10.147126
0.910000	9.078758	-0.506608	178.987118	6.237936	-0.778793	-4.387459	2.318210	-1.360039	5.929474	1.054715	-3.393671	2.591960	0.395705	0.711746	0.971527	0.304307	3.544981	-1.978759	10.146947
0.920000	9.089606	-0.539786	178.956529	6.278591	-0.818563	-4.333308	2.291223	-1.295637	5.961303	1.101206	-3.422841	2.573520	0.353271	0.711860	0.971547	0.304298	3.562132	-2.005855	10.162765
0.930000	9.100398	-0.568362	178.920616	6.314112	-0.847531	-4.312558	2.278803	-1.249280	5.998640	1.138310	-3.467558	2.540199	0.329869	0.711970	0.971560	0.304283	3.580142	-2.036311	10.190662
0.940000	9.109888	-0.587036	178.887256	6.342415	-0.861260	-4.320049	2.278283	-1.226014	6.036920	1.159609	-3.514511	2.498265	0.327637	0.712071	0.971565	0.304264	3.595749	-2.065277	10.224599
0.950000	9.115955	-0.593316	178.863908	6.360601	-0.858628	-4.348518	2.287582	-1.228702	6.069684	1.163186	-3.551768	2.456468	0.343442	0.712163	0.971558	0.304241	3.605932	-2.088737	10.258556
0.960000	9.117004	-0.587550	178.854641	6.366159	-0.841536	-4.389914	2.306066	-1.257537	6.091229	1.151515	-3.572632	2.422971	0.371514	0.712240	0.971539	0.304218	3.608555	-2.103484	10.288890
0.970000	9.112735	-0.572246	178.858265	6.358010	-0.813872	-4.436084	2.334154	-1.309230	6.098952	1.129561	-3.576071	2.402189	0.405141	0.712297	0.971510	0.304196	3.603108	-2.107328	10.315161
0.980000	9.103661	-0.551437	178.869216	6.336597	-0.780913	-4.478741	2.372128	-1.376368	6.093782	1.102905	-3.564429	2.393690	0.436979	0.712333	0.971475	0.304176	3.590558	-2.099935	10.338733
0.990000	9.090091	-0.530376	178.880631	6.303181	-0.749464	-4.509416	2.419045	-1.447060	6.078421	1.077105	-3.541129	2.394264	0.459143	0.712353	0.971441	0.304157	3.572483	-2.083887	10.360317
1.000000	9.071692	-0.515090	178.887299	6.259177	-0.727622	-4.520526	2.472333	-1.505371	6.054843	1.057715	-3.510374	2.401475	0.465123	0.712368	0.971411	0.304140	3.550632	-2.064906	10.378314
1.010000	9.047933	-0.510452	178.887181	6.206353	-0.722126	-4.507395	2.527853	-1.534032	6.023357	1.048843	-3.478169	2.415163	0.454460	0.712384	0.971384	0.304123	3.526794	-2.049581	10.388903
1.020000	9.019243	-0.518008	178.880968	6.148089	-0.734837	-4.469251	2.580082	-1.519678	5.983899	1.051323	-3.452224	2.436487	0.435730	0.712410	0.971351	0.304105	3.503071	-2.041960	10.388022
1.030000	8.988351	-0.536396	178.869823	6.090930	-0.762585	-4.408339	2.622465	-1.458085	5.938118	1.063460	-3.439793	2.466701	0.422698	0.712447	0.971301	0.304083	3.483043	-2.042544	10.374481
1.040000	8.960603	-0.562692	178.853673	6.044392	-0.799332	-4.328968	2.648537	-1.356346	5.890819	1.082504	-3.445029	2.505493	0.427179	0.712490	0.971230	0.304054	3.471871	-2.048871	10.352279
1.050000	8.942351	-0.592228	178.831780	6.017968	-0.837333	-4.237726	2.654108	-1.231308	5.849737	1.104513	-3.467425	2.548685	0.454793	0.712531	0.971143	0.304016	3.473899	-2.055730	10.330305
1.060000	8.938081	-0.619654	178.804065	6.017063	-0.869444	-4.143734	2.639256	-1.105134	5.823068	1.125478	-3.501959	2.587927	0.503557	0.712560	0.971053	0.303975	3.490413	-2.057479	10.318981
1.070000	8.948037	-0.642028	178.771661	6.040317	-0.892789	-4.057623	2.608913	-0.999691	5.815776	1.143705	-3.541134	2.613787	0.564037	0.712573	0.970979	0.303941	3.519552	-2.052316	10.325493
1.080000	8.968037	-0.659263	178.736947	6.079625	-0.908342	-3.989090	2.572150	-0.931721	5.827168	1.159104	-3.578131	2.620130	0.622400	0.712570	0.970937	0.303920	3.557110	-2.042954	10.350470
1.090000	8.991625	-0.671606	178.702861	6.123295	-0.916960	-3.943466	2.539534	-0.909300	5.851397	1.170593	-3.609066	2.607002	0.665163	0.712556	0.970935	0.303914	3.597854	-2.033176	10.388042
1.100000	9.013176	-0.678117	178.671458	6.161206	-0.917520	-3.919059	2.518742	-0.929799	5.880408	1.175865	-3.632867	2.580751	0.682849	0.712534	0.970967	0.303921	3.637580	-2.024998	10.429005
1.110000	9.030231	-0.677034	178.643120	6.188778	-0.907822	-3.907920	2.511374	-0.980572	5.907451	1.172767	-3.649416	2.551481	0.672178	0.712509	0.971022	0.303935	3.674472	-2.018157	10.465254
1.120000	9.043774	-0.666713	178.617172	6.207506	-0.886133	-3.900098	2.513111	-1.042888	5.929429	1.160072	-3.657576	2.528544	0.637043	0.712482	0.971082	0.303949	3.708708	-2.011011	10.493040
1.130000	9.056579	-0.646542	178.593081	6.222616	-0.852631	-3.888360	2.516403	-1.097873	5.947269	1.137759	-3.653998	2.516337	0.587594	0.712461	0.971132	0.303959	3.740843	-2.001834	10.513587
1.140000	9.071121	-0.617849	178.571148	6.239691	-0.810702	-3.870413	2.514202	-1.132097	5.964281	1.107785	-3.633357	2.513397	0.536996	0.712452	0.971164	0.303966	3.770267	-1.990005	10.531443
1.150000	9.088285	-0.584346	178.552584	6.261747	-0.767014	-3.847997	2.503348	-1.141250	5.983595	1.074622	-3.590877	2.514846	0.496786	0.712463	0.971176	0.303978	3.794557	-1.976570	10.551662
1.160000	9.106999	-0.551351	178.539541	6.287518	-0.729613	-3.824526	2.486252	-1.130829	6.005979	1.044261	-3.526446	2.515812	0.472925	0.712496	0.971171	0.304006	3.809905	-1.963806	10.576939
1.170000	9.124520	-0.523989	178.535091	6.311481	-0.704984	-3.803650	2.469836	-1.112286	6.028807	1.022238	-3.446972	2.514097	0.464573	0.712543	0.971152	0.304052	3.812600	-1.954121	10.605856
1.180000	9.137340	-0.504737	178.542826	6.326009	-0.694904	-3.789620	2.461917	-1.096129	6.046834	1.011122	-3.364161	2.510992	0.466323	0.712590	0.971122	0.304116	3.800632	-1.948140	10.633411
1.190000	9.142703	-0.492377	178.566100	6.324775	-0.695568	-3.787990	2.467683	-1.087354	6.054859	1.009384	-3.288882	2.509901	0.471790	0.712621	0.971081	0.304186	3.774269	-1.943555	10.653804
1.200000	9.140027	-0.484152	178.606896	6.305440	-0.701085	-3.804593	2.488492	-1.085812	6.050705	1.013789	-3.226073	2.513857	0.475970	0.712625	0.971029	0.304249	3.735603	-1.936791	10.663835
1.210000	9.131165	-0.478388	178.664379	6.270444	-0.707498	-3.842554	2.522131	-1.088489	6.036458	1.022196	-3.173520	2.523350	0.476611	0.712599	0.970966	0.304294	3.687710	-1.925480	10.664637
1.220000	9.119404	-0.475083	178.733615	6.226064	-0.713723	-3.899235	2.563413	-1.091555	6.017207	1.033707	-3.125241	2.535985	0.474377	0.712545	0.970896	0.304312	3.634357	-1.909667	10.660834
1.230000	9.108147	-0.475410	178.805535	6.180619	-0.720595	-3.965348	2.605312	-1.092384	5.998419	1.047600	-3.077198	2.548385	0.470836	0.712472	0.970825	0.304299	3.580444	-1.892214	10.658057
1.240000	9.099945	-0.480654	178.869289	6.142480	-0.729570	-4.027057	2.640435	-1.090420	5.983934	1.062670	-3.031645	2.558190	0.466360	0.712393	0.970762	0.304258	3.531809	-1.877843	10.660429
1.250000	9.095958	-0.490855	178.916232	6.118214	-0.741396	-4.070381	2.662388	-1.086435	5.975353	1.077256	-2.996940	2.564667	0.459684	0.712321	0.970719	0.304199	3.493783	-1.870522	10.669151
1.260000	9.095869	-0.503993	178.942840	6.111150	-0.754963	-4.086143	2.666980	-1.081515	5.972216	1.089466	-2.982581	2.568625	0.448331	0.712266	0.970705	0.304135	3.469665	-1.870791	10.682637
1.270000	9.098250	-0.516020	178.950927	6.120724	-0.766727	-4.072992	2.653138	-1.076438	5.972529	1.096978	-2.992859	2.572032	0.429568	0.712236	0.970724	0.304080	3.459841	-1.874724	10.697874
1.280000	9.101254	-0.521890	178.945665	6.142875	-0.771687	-4.037205	2.623389	-1.071907	5.973771	1.096982	-3.023240	2.577081	0.402268	0.712232	0.970769	0.304043	3.461447	-1.875425	10.712092
1.290000	9.103426	-0.517934	178.932862	6.171412	-0.766220	-3.990133	2.583968	-1.070421	5.974201	1.087643	-3.061330	2.584885	0.369047	0.712253	0.970827	0.304030	3.468887	-1.866890	10.723879
1.300000	9.104326	-0.504317	178.916958	6.199906	-0.750857	-3.944797	2.544072	-1.077903	5.973757	1.070285	-3.091500	2.594718	0.336945	0.712293	0.970885	0.304040	3.475416	-1.847859	10.733575
1.310000	9.104716	-0.485019	178.900646	6.223445	-0.730194	-3.912284	2.513327	-1.101415	5.973860	1.049354	-3.100703	2.604492	0.315640	0.712341	0.970929	0.304069	3.475198	-1.822253	10.743280
1.320000	9.106140	-0.465040	178.885543	6.239613	-0.709753	-3.898689	2.498231	-1.143294	5.976240	1.029629	-3.083002	2.612072	0.314024	0.712383	0.970952	0.304111	3.465230	-1.796001	10.756472
1.330000	9.110108	-0.447655	178.872634	6.248402	-0.692871	-3.903871	2.499716	-1.196952	5.981479	1.013463	-3.040842	2.616789	0.336610	0.712400	0.970954	0.304157	3.446698	-1.773671	10.776979
1.340000	9.117175	-0.433714	178.862357	6.251277	-0.679909	-3.922806	2.513139	-1.247986	5.988215	1.000166	-2.982757	2.620076	0.381172	0.712381	0.970937	0.304197	3.424682	-1.757281	10.807273
1.350000	9.126213	-0.422418	178.855095	6.249891	-0.669309	-3.948738	2.530402	-1.279599	5.993779	0.987195	-2.919495	2.624011	0.438738	0.712321	0.970908	0.304222	3.405630	-1.746629	10.846535
1.360000	9.134404	-0.412602	178.851559	6.245156	-0.659263	-3.976078	2.543089	-1.279563	5.995657	0.972165	-2.860929	2.629095	0.496097	0.712236	0.970873	0.304224	3.394573	-1.740245	10.889770
1.370000	9.138270	-0.403976	178.852005	6.237359	-0.649039	-4.001278	2.545244	-1.245790	5.992603	0.954547	-2.815063	2.633553	0.540257	0.712146	0.970840	0.304199	3.394679	-1.736707	10.928983
1.380000	9.135124	-0.397470	178.854826	6.226953	-0.639199	-4.021790	2.534672	-1.187575	5.985011	0.935930	-2.789049	2.634128	0.563279	0.712078	0.970810	0.304154	3.408603	-1.735494	10.956001
1.390000	9.124088	-0.394667	178.856159	6.215073	-0.630986	-4.035047	2.512800	-1.121949	5.974512	0.919043	-2.790360	2.627613	0.564838	0.712049	0.970788	0.304099	3.439104	-1.736960	10.965489
1.400000	9.106276	-0.397305	178.851120	6.203157	-0.625925	-4.038986	2.484083	-1.067882	5.962827	0.906772	-2.825574	2.612994	0.550881	0.712064	0.970773	0.304046	3.487719	-1.741996	10.956688
1.410000	9.083986	-0.407168	178.836237	6.191923	-0.625707	-4.033632	2.454922	-1.040502	5.950555	0.901683	-2.896329	2.592685	0.530008	0.712115	0.970769	0.304005	3.552184	-1.751631	10.932978
1.420000	9.059222	-0.425754	178.811913	6.180533	-0.631798	-4.022227	2.431453	-1.045969	5.936732	0.905570	-2.995298	2.571352	0.510827	0.712187	0.970779	0.303973	3.624538	-1.766343	10.899449
1.430000	9.032726	-0.453688	178.783014	6.166679	-0.645005	-4.010689	2.417480	-1.080021	5.919367	0.919067	-3.105927	2.553588	0.500664	0.712263	0.970802	0.303941	3.692280	-1.785588	10.860343
1.440000	9.004376	-0.490020	178.756674	6.147789	-0.665229	-4.005403	2.414061	-1.132020	5.896725	0.941366	-3.207140	2.542236	0.504383	0.712329	0.970833	0.303896	3.742932	-1.808062	10.818269
1.450000	8.974493	-0.531517	178.738752	6.122953	-0.690854	-4.010830	2.419967	-1.190688	5.869017	0.969615	-3.280673	2.537280	0.523751	0.712378	0.970866	0.303833	3.769264	-1.832185	10.775271
1.460000	8.945020	-0.572564	178.731416	6.094452	-0.718095	-4.028496	2.432208	-1.247827	5.839450	0.998614	-3.317276	2.535677	0.557467	0.712406	0.970892	0.303757	3.771710	-1.856330	10.734355
1.470000	8.919714	-0.606349	178.733279	6.067597	-0.741515	-4.057658	2.446973	-1.299736	5.813571	1.022026	-3.319133	2.533025	0.601320	0.712409	0.970905	0.303680	3.756641	-1.878741	10.699831
1.480000	8.902861	-0.626956	178.741513	6.048456	-0.755897	-4.096819	2.460915	-1.346681	5.796911	1.034633	-3.297906	2.525940	0.649188	0.712388	0.970902	0.303616	3.732027	-1.897395	10.675743
1.490000	8.897036	-0.631382	178.753986	6.040609	-0.758426	-4.144887	2.472291	-1.390748	5.792249	1.034170	-3.269469	2.513410	0.695339	0.712344	0.970887	0.303575	3.703733	-1.910169	10.663441
1.500000	8.901506	-0.620702	178.769932	6.042938	-0.750059	-4.201207	2.481627	-1.433046	5.798030	1.022196	-3.247431	2.497084	0.736490	0.712281	0.970864	0.303557	3.674755	-1.915557	10.660535
1.510000	8.912385	-0.599877	178.789464	6.049877	-0.735259	-4.264588	2.491477	-1.472032	5.808900	1.003832	-3.237918	2.480745	0.771926	0.712205	0.970841	0.303558	3.646791	-1.913550	10.662209
1.520000	8.924118	-0.575977	178.813040	6.053961	-0.719903	-4.331905	2.504815	-1.504377	5.818260	0.985910	-3.237915	2.468394	0.801761	0.712128	0.970822	0.303566	3.621929	-1.905952	10.663650
1.530000	8.931335	-0.555441	178.841114	6.049141	-0.708385	-4.397161	2.522885	-1.527240	5.821256	0.974173	-3.238270	2.461844	0.824847	0.712062	0.970812	0.303571	3.603316	-1.895771	10.661905
1.540000	8.930507	-0.541763	178.873407	6.033081	-0.701748	-4.451795	2.544167	-1.539285	5.816346	0.971155	-3.229746	2.460105	0.837817	0.712021	0.970811	0.303569	3.595133	-1.885936	10.656502
1.550000	8.920850	-0.534734	178.908190	6.007442	-0.697945	-4.487002	2.565172	-1.539697	5.804939	0.975563	-3.208291	2.460879	0.835943	0.712012	0.970818	0.303557	3.601728	-1.877847	10.648892
1.560000	8.904044	-0.531294	178.942434	5.976243	-0.693619	-4.497861	2.582318	-1.526834	5.789887	0.983074	-3.176630	2.462314	0.815399	0.712038	0.970828	0.303537	3.625654	-1.870389	10.641100
1.570000	8.883025	-0.527426	178.972770	5.943540	-0.686062	-4.487017	2.593740	-1.498371	5.773911	0.988208	-3.142043	2.463727	0.775654	0.712090	0.970835	0.303513	3.665676	-1.860298	10.634320
1.580000	8.860625	-0.520221	178.996537	5.911860	-0.674424	-4.464650	2.600040	-1.453555	5.758506	0.986767	-3.112490	2.465615	0.720507	0.712159	0.970835	0.303484	3.716314	-1.844088	10.628128
1.590000	8.838629	-0.509064	179.012446	5.881984	-0.659641	-4.444027	2.603509	-1.395683	5.743485	0.977604	-3.093615	2.469430	0.657082	0.712232	0.970825	0.303451	3.769440	-1.820267	10.620345
1.600000	8.817318	-0.495324	179.020661	5.853451	-0.643211	-4.435866	2.606365	-1.331880	5.727101	0.962556	-3.087840	2.476857	0.593780	0.712299	0.970806	0.303410	3.817101	-1.790103	10.607171
1.610000	8.795476	-0.481113	179.022560	5.825057	-0.626025	-4.445273	2.609377	-1.270571	5.706651	0.944917	-3.095157	2.488704	0.538459	0.712354	0.970779	0.303360	3.853896	-1.756677	10.583718
1.620000	8.771047	-0.468252	179.020601	5.795195	-0.608408	-4.472214	2.611923	-1.219665	5.679465	0.928021	-3.114210	2.504366	0.496875	0.712395	0.970745	0.303302	3.877636	-1.723476	10.545501
1.630000	8.742346	-0.457814	179.018298	5.762417	-0.590989	-4.514077	2.613055	-1.185724	5.644040	0.914553	-3.142590	2.522276	0.471657	0.712422	0.970707	0.303239	3.888321	-1.693440	10.490817
1.640000	8.709432	-0.450091	179.019914	5.726556	-0.575291	-4.568037	2.612279	-1.172614	5.601223	0.906222	-3.176303	2.540792	0.462463	0.712436	0.970668	0.303177	3.886608	-1.668553	10.422919
1.650000	8.675221	-0.444890	179.029488	5.690197	-0.563615	-4.631207	2.609445	-1.179798	5.555201	0.903608	-3.209350	2.558702	0.467356	0.712439	0.970633	0.303126	3.873079	-1.649908	10.350612
1.660000	8.645637	-0.442189	179.049228	5.659660	-0.558554	-4.698252	2.603956	-1.202000	5.513632	0.906350	-3.234239	2.575210	0.483987	0.712431	0.970608	0.303089	3.848795	-1.638250	10.286453
1.670000	8.628298	-0.442862	179.077950	5.644266	-0.562554	-4.758672	2.594128	-1.231490	5.486084	0.913836	-3.243463	2.589877	0.509044	0.712420	0.970602	0.303067	3.816587	-1.634928	10.243003
1.680000	8.629875	-0.448689	179.110649	5.653083	-0.577291	-4.797191	2.577988	-1.261174	5.480955	0.925705	-3.231707	2.602396	0.537806	0.712412	0.970621	0.303052	3.781930	-1.642346	10.228672
1.690000	8.653058	-0.461272	179.139988	5.690053	-0.602750	-4.798782	2.555468	-1.285679	5.502100	0.941679	-3.198420	2.611742	0.566379	0.712416	0.970665	0.303036	3.752287	-1.663026	10.244746
1.700000	8.694431	-0.480728	179.159288	5.750391	-0.636526	-4.755934	2.529932	-1.301204	5.546541	0.961215	-3.149392	2.615745	0.594135	0.712436	0.970724	0.303008	3.734671	-1.697592	10.284604
1.710000	8.744542	-0.505013	179.165508	5.820776	-0.673891	-4.673491	2.507492	-1.305591	5.604380	0.983296	-3.095517	2.612130	0.623470	0.712472	0.970787	0.302963	3.732388	-1.742829	10.335489
1.720000	8.790622	-0.530641	179.160737	5.883419	-0.709307	-4.567896	2.494722	-1.297740	5.661590	1.006758	-3.048581	2.599804	0.658260	0.712521	0.970839	0.302904	3.742825	-1.791704	10.382337
1.730000	8.820986	-0.554468	179.151337	5.922254	-0.738724	-4.461192	2.496348	-1.277257	5.704848	1.030954	-3.016192	2.579523	0.701702	0.712577	0.970871	0.302837	3.758285	-1.835952	10.412263
1.740000	8.829114	-0.574763	179.145003	5.928515	-0.760429	-4.373108	2.513931	-1.245728	5.725868	1.055482	-2.998844	2.554515	0.753054	0.712635	0.970881	0.302768	3.769996	-1.869215	10.418134
1.750000	8.815341	-0.591045	179.147743	5.903022	-0.774279	-4.314990	2.545550	-1.207049	5.723246	1.079437	-2.990971	2.530324	0.806109	0.712694	0.970870	0.302704	3.772663	-1.888991	10.399858
1.760000	8.785433	-0.603497	179.162381	5.854481	-0.780776	-4.287598	2.586027	-1.165159	5.701594	1.101328	-2.985252	2.512691	0.851853	0.712753	0.970843	0.302647	3.766720	-1.896931	10.363193
1.770000	8.747250	-0.612419	179.188276	5.795409	-0.780587	-4.282559	2.627495	-1.121512	5.669003	1.119327	-2.977328	2.504391	0.882779	0.712813	0.970802	0.302594	3.757694	-1.897469	10.317019
1.780000	8.707547	-0.617994	179.221505	5.737895	-0.774723	-4.286089	2.660778	-1.074146	5.634144	1.131553	-2.968157	2.503320	0.895079	0.712878	0.970751	0.302540	3.753743	-1.895598	10.270322
1.790000	8.670298	-0.620480	179.255676	5.690522	-0.765192	-4.283396	2.677748	-1.018581	5.603769	1.136555	-2.963032	2.503534	0.887888	0.712953	0.970690	0.302478	3.762437	-1.895080	10.229616
1.800000	8.636575	-0.620516	179.283798	5.656948	-0.755387	-4.262503	2.673863	-0.950342	5.581186	1.133890	-2.968320	2.498599	0.861523	0.713041	0.970623	0.302408	3.787783	-1.897809	10.197147
1.810000	8.605478	-0.619255	179.300643	5.636099	-0.749574	-4.216476	2.649762	-0.868394	5.566030	1.124539	-2.988127	2.485045	0.816903	0.713141	0.970558	0.302332	3.828687	-1.904386	10.170507
1.820000	8.575503	-0.618301	179.304217	5.623789	-0.751515	-4.143771	2.610942	-0.777876	5.555180	1.110851	-3.022737	2.464114	0.756734	0.713251	0.970504	0.302256	3.879709	-1.915319	10.144096
1.830000	8.545656	-0.619346	179.295674	5.615157	-0.762786	-4.047376	2.565269	-0.690004	5.544184	1.095836	-3.069152	2.441316	0.687295	0.713364	0.970470	0.302187	3.933580	-1.931746	10.111972
1.840000	8.515829	-0.623375	179.278351	5.606739	-0.781543	-3.934088	2.519739	-0.618631	5.528759	1.082004	-3.122601	2.424002	0.618782	0.713471	0.970456	0.302127	3.983729	-1.954789	10.070885
1.850000	8.486503	-0.629773	179.256878	5.597200	-0.802558	-3.814600	2.478615	-0.575395	5.506292	1.070469	-3.177642	2.417707	0.563007	0.713568	0.970460	0.302077	4.025411	-1.983957	10.022185
1.860000	8.458246	-0.636035	179.236521	5.586875	-0.818824	-3.703591	2.443365	-0.565502	5.476923	1.060803	-3.228501	2.423319	0.529340	0.713655	0.970474	0.302032	4.055348	-2.016037	9.971843
1.870000	8.431665	-0.638427	179.222250	5.576998	-0.824078	-3.618378	2.413523	-0.585160	5.443582	1.051527	-3.269255	2.437116	0.520949	0.713739	0.970489	0.301990	4.071113	-2.045404	9.928644
1.880000	8.407852	-0.633430	179.217406	5.569196	-0.814947	-3.575038	2.388037	-0.622529	5.411165	1.040968	-3.294449	2.453297	0.532838	0.713828	0.970503	0.301945	4.071133	-2.065655	9.901297
1.890000	8.388794	-0.619339	179.222896	5.565240	-0.791895	-3.582350	2.366757	-0.663449	5.385513	1.028228	-3.300456	2.466678	0.552481	0.713928	0.970517	0.301896	4.054900	-2.071762	9.895509
1.900000	8.377239	-0.597358	179.237271	5.566901	-0.758993	-3.636661	2.351135	-0.698608	5.372173	1.013877	-3.287224	2.474343	0.563798	0.714036	0.970535	0.301841	4.023184	-2.061963	9.912247
1.910000	8.375980	-0.571670	179.257126	5.575709	-0.722827	-3.721501	2.343674	-0.727104	5.374790	0.999819	-3.259447	2.476181	0.553700	0.714144	0.970563	0.301782	3.978662	-2.038799	9.947815
1.920000	8.386761	-0.548044	179.277879	5.592409	-0.690488	-3.812645	2.346577	-0.754962	5.393744	0.988173	-3.226276	2.474148	0.517627	0.714240	0.970604	0.301716	3.926476	-2.008471	9.995373
1.930000	8.409165	-0.531230	179.294895	5.616125	-0.667071	-3.886145	2.360355	-0.790029	5.425587	0.979781	-3.199288	2.470859	0.460808	0.714310	0.970657	0.301643	3.873992	-1.978309	10.046859
1.940000	8.439878	-0.522639	179.304391	5.643615	-0.653990	-3.925856	2.383148	-0.836033	5.463381	0.973536	-3.189174	2.468605	0.395177	0.714342	0.970714	0.301566	3.829740	-1.953824	10.094409
1.950000	8.472801	-0.520048	179.304007	5.669339	-0.649190	-3.927890	2.410991	-0.889000	5.498062	0.967304	-3.202232	2.469076	0.334231	0.714330	0.970765	0.301495	3.801659	-1.937353	10.131068
1.960000	8.500438	-0.519496	179.293258	5.686801	-0.649148	-3.901190	2.438962	-0.937783	5.520807	0.959787	-3.237894	2.473497	0.288486	0.714281	0.970799	0.301443	3.795087	-1.928871	10.151293
1.970000	8.516399	-0.517817	179.273764	5.690658	-0.651199	-3.864359	2.463295	-0.968677	5.525954	0.951695	-3.288536	2.482517	0.263385	0.714208	0.970811	0.301418	3.811210	-1.927609	10.151813
1.980000	8.517793	-0.514020	179.248951	5.678721	-0.654542	-3.839417	2.483011	-0.971675	5.513098	0.945189	-3.342167	2.495776	0.259556	0.714130	0.970800	0.301419	3.846545	-1.932974	10.132482
1.990000	8.506106	-0.509034	179.223138	5.653182	-0.659555	-3.844367	2.499019	-0.944751	5.486916	0.942290	-3.386814	2.512045	0.274042	0.714063	0.970776	0.301435	3.893567	-1.944474	10.096346
2.000000	8.486225	-0.504471	179.200297	5.620358	-0.666446	-3.887337	2.511669	-0.894883	5.454976	0.943579	-3.414144	2.529896	0.301690	0.714016	0.970750	0.301451	3.942447	-1.961311	10.048753
2.010000	8.464602	-0.501197	179.183159	5.588854	-0.674173	-3.964653	2.519486	-0.835783	5.425315	0.947680	-3.420860	2.547852	0.336276	0.713993	0.970737	0.301456	3.983454	-1.981972	9.996154
2.020000	8.447610	-0.498443	179.173158	5.566998	-0.680073	-4.063107	2.520090	-0.782609	5.405110	0.951448	-3.408358	2.563736	0.371036	0.713988	0.970744	0.301445	4.009236	-2.004024	9.945143
2.030000	8.440364	-0.494114	179.170834	5.560606	-0.680564	-4.164611	2.512104	-0.745935	5.399965	0.950940	-3.381670	2.574338	0.398892	0.713996	0.970771	0.301423	4.016501	-2.024564	9.901673
2.040000	8.445693	-0.486133	179.175953	5.571579	-0.672772	-4.251190	2.496466	-0.728254	5.412759	0.943015	-3.347885	2.576483	0.412904	0.714007	0.970811	0.301399	4.006749	-2.041222	9.870069
2.050000	8.463173	-0.473669	179.187252	5.597392	-0.656085	-4.309321	2.476467	-0.724626	5.442108	0.926817	-3.313995	2.569019	0.407343	0.714016	0.970850	0.301381	3.985517	-2.052872	9.851915
2.060000	8.488764	-0.457506	179.202440	5.631536	-0.632688	-4.333241	2.456850	-0.726541	5.481666	0.904333	-3.284516	2.554188	0.379704	0.714022	0.970878	0.301373	3.959913	-2.059538	9.845346
2.070000	8.515629	-0.439674	179.218803	5.664888	-0.606957	-4.326275	2.442740	-0.726441	5.521327	0.879792	-3.259629	2.537118	0.333063	0.714029	0.970886	0.301377	3.935316	-2.061835	9.845300
2.080000	8.536174	-0.422879	179.234096	5.687800	-0.584170	-4.299079	2.438849	-0.720655	5.550325	0.858386	-3.234604	2.523487	0.276903	0.714041	0.970871	0.301391	3.912922	-2.060546	9.844982
2.090000	8.544594	-0.410119	179.247231	5.692636	-0.569088	-4.265134	2.448736	-0.710250	5.561090	0.844868	-3.200814	2.516578	0.224812	0.714059	0.970835	0.301410	3.889444	-2.056750	9.838194
2.100000	8.538700	-0.404355	179.258646	5.675936	-0.564713	-4.235786	2.473962	-0.700243	5.552040	0.842310	-3.148315	2.515449	0.189629	0.714082	0.970786	0.301426	3.858852	-2.052239	9.821610
2.110000	8.520156	-0.407698	179.270361	5.639188	-0.571422	-4.217406	2.513427	-0.697663	5.527747	0.851280	-3.069510	2.515478	0.178704	0.714107	0.970734	0.301427	3.815009	-2.049432	9.795825
2.120000	8.493304	-0.419977	179.285205	5.587914	-0.586539	-4.211815	2.563492	-0.708668	5.496418	0.869437	-2.962718	2.511127	0.191748	0.714130	0.970691	0.301406	3.754396	-2.050302	9.764804
2.130000	8.463515	-0.437415	179.305053	5.529819	-0.604281	-4.218931	2.618798	-0.735559	5.466197	0.891306	-2.834196	2.499309	0.222164	0.714150	0.970666	0.301362	3.678268	-2.054767	9.734196
2.140000	8.435634	-0.452699	179.329364	5.472934	-0.616517	-4.239092	2.673116	-0.775454	5.442044	0.908695	-2.697756	2.481593	0.261029	0.714162	0.970662	0.301307	3.592940	-2.059694	9.709200
2.150000	8.412853	-0.457398	179.355024	5.424083	-0.615149	-4.272985	2.720227	-0.821341	5.424326	0.912891	-2.571688	2.464312	0.301106	0.714166	0.970674	0.301258	3.507890	-2.059825	9.692679
2.160000	8.396255	-0.445851	179.377327	5.387553	-0.595474	-4.319194	2.755281	-0.864479	5.409470	0.898303	-2.473719	2.456364	0.338063	0.714161	0.970694	0.301230	3.432835	-2.050508	9.684240
2.170000	8.384998	-0.418093	179.391893	5.364388	-0.558517	-4.371512	2.775890	-0.897221	5.392431	0.865247	-2.416126	2.465142	0.368815	0.714149	0.970713	0.301230	3.374780	-2.030602	9.680566
2.180000	8.377061	-0.380270	179.396642	5.352790	-0.511149	-4.418781	2.782205	-0.915391	5.369765	0.820260	-2.403041	2.492596	0.389446	0.714135	0.970723	0.301255	3.336125	-2.003957	9.676842
2.190000	8.370452	-0.342572	179.392429	5.349674	-0.464208	-4.448307	2.776112	-0.919006	5.341674	0.774165	-2.430597	2.534088	0.394993	0.714123	0.970725	0.301292	3.314907	-1.978683	9.668889
2.200000	8.364395	-0.315870	179.382037	5.352545	-0.429542	-4.450964	2.760285	-0.911739	5.312099	0.739014	-2.489558	2.580581	0.381379	0.714118	0.970721	0.301326	3.306887	-1.964497	9.655211
2.210000	8.359817	-0.308417	179.368461	5.360558	-0.416641	-4.424968	2.737801	-0.900592	5.287293	0.724767	-2.569119	2.621936	0.348174	0.714120	0.970716	0.301347	3.308011	-1.969183	9.637900
2.220000	8.358847	-0.323326	179.353519	5.374315	-0.429345	-4.376704	2.712114	-0.895121	5.273536	0.736231	-2.659504	2.649792	0.300431	0.714126	0.970716	0.301349	3.316035	-1.995408	9.621923
2.230000	8.363675	-0.357567	179.337362	5.394736	-0.464192	-4.318820	2.686884	-0.904215	5.274698	0.771536	-2.751732	2.659957	0.248252	0.714133	0.970723	0.301333	3.330896	-2.039372	9.613127
2.240000	8.375214	-0.403026	179.319385	5.421534	-0.511744	-4.266574	2.665592	-0.931472	5.290679	0.823085	-2.835935	2.653392	0.203932	0.714136	0.970737	0.301302	3.353458	-2.092123	9.615705
2.250000	8.392138	-0.449011	179.299945	5.452178	-0.559966	-4.233597	2.650903	-0.972812	5.317569	0.879994	-2.901253	2.634903	0.177699	0.714138	0.970754	0.301263	3.383340	-2.142650	9.630153
2.260000	8.411081	-0.485469	179.281012	5.482124	-0.598204	-4.228042	2.644184	-1.018276	5.349345	0.931095	-2.938517	2.610567	0.173722	0.714145	0.970770	0.301226	3.418006	-2.181470	9.652790
2.270000	8.428093	-0.506301	179.265110	5.506243	-0.620822	-4.249743	2.645580	-1.056655	5.380089	0.968304	-2.944051	2.585567	0.188345	0.714162	0.970782	0.301199	3.454104	-2.203855	9.677158
2.280000	8.440281	-0.511185	179.253752	5.520685	-0.628596	-4.289466	2.654114	-1.079941	5.405625	0.988675	-2.921609	2.563063	0.212066	0.714189	0.970791	0.301191	3.489506	-2.211142	9.696372
2.290000	8.446661	-0.504606	179.246822	5.524320	-0.626825	-4.331559	2.667528	-1.085434	5.424050	0.993730	-2.880671	2.544223	0.234448	0.714217	0.970799	0.301205	3.523958	-2.209259	9.705327
2.300000	8.448138	-0.492903	179.243302	5.519260	-0.621703	-4.359833	2.682362	-1.075786	5.435463	0.987161	-2.832162	2.529240	0.249044	0.714240	0.970806	0.301239	3.557792	-2.205466	9.702083
2.310000	8.446968	-0.481102	179.242337	5.510180	-0.617156	-4.364032	2.694853	-1.058271	5.441495	0.972729	-2.784683	2.518316	0.255618	0.714256	0.970814	0.301283	3.590067	-2.205025	9.688056
2.320000	8.445869	-0.471098	179.243747	5.502589	-0.613613	-4.343183	2.702327	-1.043287	5.444764	0.953354	-2.743527	2.511814	0.258937	0.714271	0.970823	0.301327	3.617670	-2.209126	9.666999
2.330000	8.447084	-0.461912	179.247834	5.500866	-0.609130	-4.304299	2.703976	-1.041187	5.448134	0.931426	-2.712087	2.509866	0.265196	0.714297	0.970832	0.301366	3.636042	-2.214988	9.643414
2.340000	8.451712	-0.451612	179.254518	5.507227	-0.601839	-4.258338	2.700251	-1.057774	5.453928	0.909613	-2.693425	2.512019	0.277902	0.714345	0.970840	0.301397	3.641480	-2.218144	9.621301
2.350000	8.459558	-0.439591	179.262368	5.522060	-0.591983	-4.216180	2.691162	-1.090939	5.463312	0.891342	-2.690517	2.517433	0.295190	0.714419	0.970846	0.301424	3.633739	-2.215614	9.603738
2.360000	8.469451	-0.427815	179.268574	5.544818	-0.582665	-4.185797	2.675049	-1.131036	5.475975	0.880766	-2.705259	2.525578	0.309947	0.714515	0.970851	0.301448	3.616932	-2.208166	9.592966
2.370000	8.479711	-0.420201	179.270027	5.574323	-0.578804	-4.170839	2.649244	-1.165196	5.490175	0.881815	-2.737133	2.536487	0.312816	0.714622	0.970859	0.301474	3.597994	-2.200173	9.590274
2.380000	8.488410	-0.419713	179.265015	5.608464	-0.583564	-4.170880	2.611975	-1.183622	5.503394	0.895306	-2.782607	2.549759	0.296895	0.714727	0.970873	0.301505	3.583335	-2.196283	9.595326
2.390000	8.493663	-0.425265	179.254776	5.643952	-0.594780	-4.182922	2.564087	-1.184202	5.513531	0.916294	-2.835895	2.563171	0.261456	0.714823	0.970895	0.301545	3.575525	-2.197296	9.605673
2.400000	8.494409	-0.432475	179.243452	5.676609	-0.606469	-4.203305	2.510041	-1.171502	5.520050	0.936408	-2.890285	2.572633	0.211775	0.714904	0.970922	0.301594	3.572684	-2.200079	9.617620
2.410000	8.491242	-0.437786	179.236043	5.702217	-0.614395	-4.229243	2.457625	-1.151297	5.524349	0.949791	-2.938817	2.573843	0.155598	0.714962	0.970952	0.301651	3.571010	-2.201563	9.628161
2.420000	8.486264	-0.441082	179.236041	5.717537	-0.619203	-4.259154	2.415952	-1.126468	5.528943	0.956113	-2.974138	2.564431	0.099786	0.714990	0.970981	0.301708	3.567740	-2.201873	9.636275
2.430000	8.481727	-0.444970	179.244553	5.720831	-0.624936	-4.291370	2.392526	-1.097095	5.535791	0.958910	-2.988559	2.545313	0.049083	0.714982	0.971007	0.301754	3.562241	-2.204158	9.642200
2.440000	8.478279	-0.452547	179.261065	5.711554	-0.635616	-4.322078	2.390915	-1.062894	5.544715	0.962370	-2.975847	2.520501	0.006293	0.714946	0.971030	0.301779	3.555233	-2.212400	9.645321
2.450000	8.474132	-0.465377	179.284605	5.689869	-0.652506	-4.344399	2.409891	-1.025272	5.552979	0.969001	-2.935062	2.495593	-0.027043	0.714902	0.971051	0.301774	3.547365	-2.228888	9.642842
2.460000	8.465972	-0.482589	179.314037	5.656843	-0.673340	-4.350067	2.444017	-0.987633	5.556412	0.978885	-2.874019	2.475928	-0.049958	0.714872	0.971067	0.301740	3.538352	-2.252732	9.630954
2.470000	8.451144	-0.501200	179.347236	5.615197	-0.693510	-4.333319	2.485501	-0.954047	5.551486	0.990190	-2.808798	2.465264	-0.061883	0.714876	0.971074	0.301688	3.527329	-2.280013	9.607856
2.480000	8.429475	-0.516849	179.380125	5.569547	-0.707879	-4.295008	2.526514	-0.927409	5.536878	0.999875	-2.758085	2.465367	-0.062919	0.714917	0.971064	0.301636	3.514088	-2.304886	9.576149
2.490000	8.403404	-0.524435	179.406866	5.525501	-0.711985	-4.244510	2.560770	-0.908647	5.513563	1.003980	-2.735121	2.476151	-0.053711	0.714983	0.971032	0.301605	3.500087	-2.320857	9.542616
2.500000	8.376540	-0.519085	179.421473	5.487950	-0.702667	-4.197533	2.584301	-0.897663	5.483912	0.998067	-2.741932	2.495623	-0.034803	0.715052	0.970975	0.301611	3.488324	-2.322275	9.515573
2.510000	8.351973	-0.497790	179.420038	5.459558	-0.678781	-4.169927	2.595904	-0.894843	5.450819	0.978668	-2.768738	2.519746	-0.006369	0.715104	0.970901	0.301661	3.482017	-2.306103	9.501690
2.520000	8.331620	-0.461306	179.402410	5.440399	-0.642413	-4.170458	2.597338	-0.901365	5.417310	0.945753	-2.798311	2.543211	0.030942	0.715124	0.970821	0.301748	3.483053	-2.273460	9.503998
2.530000	8.316653	-0.415467	179.372573	5.428809	-0.599991	-4.197085	2.593064	-0.918141	5.386559	0.904936	-2.812917	2.561251	0.074095	0.715108	0.970750	0.301860	3.491486	-2.230375	9.521430
2.540000	8.307918	-0.370192	179.337982	5.422627	-0.561103	-4.239281	2.588912	-0.944504	5.361716	0.866540	-2.800937	2.571342	0.116692	0.715060	0.970702	0.301981	3.505937	-2.186463	9.549149
2.550000	8.305362	-0.335421	179.308373	5.419725	-0.534015	-4.284376	2.589700	-0.977549	5.345025	0.840395	-2.760549	2.573455	0.151172	0.714994	0.970684	0.302095	3.523761	-2.151038	9.579177
2.560000	8.306930	-0.317187	179.293446	5.417481	-0.521967	-4.323016	2.597560	-1.012573	5.336418	0.831053	-2.699148	2.569172	0.172887	0.714933	0.970694	0.302188	3.541359	-2.129662	9.601866
2.570000	8.308232	-0.316821	179.299375	5.412237	-0.523698	-4.350651	2.611841	-1.044298	5.332476	0.837591	-2.629951	2.560925	0.182593	0.714898	0.970720	0.302251	3.555328	-2.123693	9.608549
2.580000	8.303576	-0.331864	179.325814	5.399939	-0.535451	-4.366020	2.629821	-1.068123	5.326920	0.855439	-2.568708	2.551416	0.185846	0.714907	0.970751	0.302285	3.563824	-2.131118	9.594481
2.590000	8.288270	-0.357144	179.365078	5.377971	-0.552365	-4.369204	2.647901	-1.080901	5.312979	0.878131	-2.531640	2.543241	0.189808	0.714963	0.970772	0.302299	3.567481	-2.147327	9.560763
2.600000	8.261207	-0.386453	179.404059	5.347007	-0.570303	-4.360838	2.663246	-1.081465	5.286437	0.899831	-2.533420	2.539123	0.199405	0.715058	0.970780	0.302309	3.569647	-2.166534	9.514387
2.610000	8.225928	-0.414331	179.428218	5.311434	-0.587170	-4.342692	2.674750	-1.071231	5.247563	0.917270	-2.584104	2.542007	0.215313	0.715169	0.970775	0.302333	3.575590	-2.183345	9.465991
2.620000	8.189011	-0.436796	179.426357	5.277739	-0.602292	-4.318461	2.682493	-1.054861	5.200562	0.929357	-2.685767	2.554459	0.234844	0.715270	0.970762	0.302385	3.590578	-2.193250	9.425863
2.630000	8.156703	-0.451445	179.394335	5.251399	-0.615185	-4.293440	2.686683	-1.040304	5.151002	0.935839	-2.830751	2.577472	0.254753	0.715338	0.970751	0.302468	3.617637	-2.192496	9.399922
2.640000	8.131971	-0.457878	179.336081	5.234033	-0.625677	-4.273345	2.687571	-1.036633	5.103290	0.937161	-3.002821	2.609050	0.273575	0.715362	0.970744	0.302576	3.656331	-2.178635	9.387770
2.650000	8.113628	-0.457725	179.261891	5.222780	-0.634536	-4.263616	2.685802	-1.049953	5.059692	0.934810	-3.180939	2.643954	0.292010	0.715342	0.970744	0.302694	3.702816	-2.151340	9.383698
2.660000	8.097677	-0.453276	179.185429	5.212302	-0.642653	-4.269710	2.682119	-1.080783	5.020992	0.930292	-3.344204	2.674937	0.312094	0.715291	0.970745	0.302806	3.750630	-2.112345	9.379808
2.670000	8.079833	-0.446038	179.120454	5.197751	-0.649983	-4.297239	2.677082	-1.124961	4.988115	0.924129	-3.476371	2.694204	0.336502	0.715227	0.970743	0.302897	3.792419	-2.065235	9.369458
2.680000	8.057998	-0.436873	179.077582	5.176936	-0.656070	-4.350578	2.671593	-1.176305	4.963361	0.916762	-3.568580	2.694823	0.368639	0.715171	0.970737	0.302958	3.822748	-2.015947	9.349710
2.690000	8.033430	-0.426554	179.061633	5.151141	-0.660480	-4.430024	2.667191	-1.228587	4.950228	0.909341	-3.619429	2.672312	0.412740	0.715131	0.970727	0.302988	3.840563	-1.972331	9.322099
2.700000	8.010131	-0.415576	179.070822	5.124676	-0.662085	-4.529022	2.665180	-1.276294	4.951908	0.902894	-3.632487	2.626245	0.472306	0.715108	0.970714	0.302998	3.849177	-1.941842	9.291810
2.710000	7.993136	-0.404036	179.098315	5.103428	-0.658954	-4.633554	2.665579	-1.315164	4.969310	0.897474	-3.612723	2.561894	0.546812	0.715092	0.970699	0.303000	3.853595	-1.929180	9.266042
2.720000	7.986548	-0.391933	179.134972	5.092766	-0.649327	-4.724826	2.667063	-1.343422	4.999821	0.892179	-3.564304	2.490346	0.628921	0.715075	0.970684	0.303008	3.857291	-1.935187	9.252004
2.730000	7.992018	-0.379709	179.171930	5.095563	-0.633026	-4.784628	2.668028	-1.363161	5.037952	0.885968	-3.491313	2.425238	0.705142	0.715050	0.970674	0.303030	3.860532	-1.957171	9.254884
2.740000	8.008294	-0.368807	179.202552	5.111175	-0.612691	-4.801523	2.667675	-1.379726	5.077362	0.878915	-3.400107	2.377784	0.760470	0.715021	0.970674	0.303065	3.860639	-1.990170	9.276339
2.750000	8.031786	-0.361312	179.223753	5.135805	-0.593464	-4.775586	2.665836	-1.397976	5.112528	0.872515	-3.300637	2.353753	0.784173	0.714994	0.970685	0.303114	3.853386	-2.027968	9.313901
2.760000	8.057313	-0.358775	179.236173	5.163593	-0.580851	-4.719282	2.662113	-1.417960	5.139137	0.868752	-3.205285	2.353340	0.773548	0.714976	0.970707	0.303173	3.834900	-2.063773	9.361168
2.770000	8.078526	-0.361393	179.242744	5.187574	-0.578262	-4.653422	2.655804	-1.434016	5.153607	0.869080	-3.125802	2.372405	0.734336	0.714976	0.970733	0.303241	3.803786	-2.091416	9.408761
2.780000	8.088455	-0.367825	179.246503	5.200601	-0.585615	-4.600032	2.646532	-1.438060	5.152602	0.873811	-3.070213	2.404261	0.678333	0.714998	0.970757	0.303314	3.762468	-2.106678	9.446296
2.790000	8.081001	-0.375469	179.249280	5.196869	-0.599667	-4.575420	2.634527	-1.424380	5.133417	0.881935	-3.041435	2.441650	0.619564	0.715046	0.970773	0.303386	3.716640	-2.107895	9.465279
2.800000	8.053367	-0.381368	179.251870	5.173998	-0.615720	-4.585911	2.620408	-1.392791	5.095590	0.891628	-3.038125	2.478273	0.570168	0.715119	0.970779	0.303450	3.673049	-2.095968	9.462034
2.810000	8.008049	-0.383205	179.254940	5.134590	-0.629371	-4.627314	2.604754	-1.348898	5.042605	0.900898	-3.056917	2.509604	0.537128	0.715206	0.970774	0.303500	3.637030	-2.073879	9.439147
2.820000	7.952694	-0.379598	179.259302	5.086047	-0.637146	-4.687988	2.587676	-1.302259	4.981976	0.907569	-3.094350	2.533215	0.521248	0.715293	0.970763	0.303530	3.611350	-2.045666	9.404304
2.830000	7.897589	-0.370022	179.265144	5.038269	-0.636419	-4.753912	2.568999	-1.263522	4.923240	0.909100	-3.147265	2.548662	0.518900	0.715366	0.970749	0.303538	3.596765	-2.015532	9.367047
2.840000	7.852201	-0.354937	179.271269	5.000192	-0.625692	-4.813386	2.549102	-1.240569	4.875008	0.903228	-3.211777	2.556968	0.525074	0.715416	0.970734	0.303527	3.592975	-1.987536	9.335398
2.850000	7.822656	-0.335893	179.275373	4.977218	-0.605354	-4.859726	2.529338	-1.234552	4.842740	0.889276	-3.281692	2.560080	0.535210	0.715442	0.970718	0.303504	3.598859	-1.965367	9.314224
2.860000	7.811099	-0.315415	179.275227	4.970825	-0.578322	-4.891549	2.511303	-1.238516	4.828133	0.869205	-3.347805	2.560558	0.545022	0.715445	0.970697	0.303478	3.612287	-1.951919	9.305771
2.870000	7.816459	-0.296813	179.270001	4.979736	-0.550005	-4.911233	2.495654	-1.240799	4.829800	0.847629	-3.399629	2.561052	0.550007	0.715428	0.970669	0.303457	3.630216	-1.949001	9.311182
2.880000	7.835449	-0.283472	179.260982	5.001053	-0.526919	-4.922548	2.481647	-1.231916	4.844314	0.830164	-3.429254	2.563302	0.546140	0.715392	0.970638	0.303449	3.649135	-1.956870	9.331156
2.890000	7.863032	-0.277352	179.251180	5.030480	-0.513989	-4.928568	2.467822	-1.210707	4.866903	0.820589	-3.434890	2.567163	0.531817	0.715341	0.970610	0.303455	3.665550	-1.973271	9.364854
2.900000	7.892738	-0.277663	179.244038	5.062109	-0.512021	-4.930710	2.453428	-1.185756	4.891860	0.818685	-3.421433	2.570578	0.509893	0.715284	0.970594	0.303475	3.676458	-1.992928	9.408105
2.910000	7.917518	-0.280963	179.242047	5.088758	-0.517217	-4.929401	2.439612	-1.171218	4.913091	0.820392	-3.397204	2.570970	0.487731	0.715232	0.970595	0.303508	3.679799	-2.008671	9.452969
2.920000	7.931183	-0.282819	179.246048	5.103227	-0.523191	-4.925965	2.429633	-1.179870	4.925046	0.820114	-3.368839	2.567231	0.474050	0.715201	0.970613	0.303550	3.674781	-2.014107	9.489589
2.930000	7.929837	-0.279871	179.255285	5.100061	-0.524148	-4.924237	2.427908	-1.217558	4.923846	0.813612	-3.338135	2.560830	0.474191	0.715204	0.970640	0.303597	3.662011	-2.006300	9.509386
2.940000	7.912789	-0.270967	179.267726	5.077185	-0.517146	-4.930258	2.438305	-1.281311	4.908216	0.799740	-3.303331	2.555246	0.487440	0.715244	0.970668	0.303644	3.643414	-1.986826	9.507950
2.950000	7.882860	-0.257046	179.280433	5.037039	-0.502514	-4.949628	2.462366	-1.360719	4.880107	0.780411	-3.263422	2.554108	0.508577	0.715320	0.970688	0.303694	3.621865	-1.960830	9.486567
2.960000	7.846036	-0.240488	179.290179	4.986756	-0.483117	-4.983614	2.498186	-1.441302	4.844880	0.759553	-3.221771	2.559175	0.531820	0.715419	0.970695	0.303747	3.600510	-1.934990	9.451993
2.970000	7.810224	-0.224603	179.294181	4.936867	-0.463447	-5.026322	2.540447	-1.508725	4.810533	0.742022	-3.186195	2.569449	0.553199	0.715529	0.970688	0.303807	3.582360	-1.915505	9.414358
2.980000	7.783144	-0.213032	179.290567	4.898447	-0.448617	-5.065396	2.581776	-1.552382	4.785449	0.732713	-3.165828	2.582171	0.570050	0.715634	0.970671	0.303873	3.570456	-1.906495	9.383814
2.990000	7.770026	-0.208657	179.278879	4.879428	-0.442960	-5.086891	2.615044	-1.567054	4.775240	0.735442	-3.167379	2.594893	0.580088	0.715726	0.970650	0.303943	3.567735	-1.908900	9.367221
3.000000	7.772007	-0.212398	179.260926	4.881766	-0.448564	-5.081743	2.635510	-1.552473	4.780613	0.751448	-3.193028	2.606514	0.581902	0.715795	0.970634	0.304016	3.575762	-1.920293	9.366197
3.010000	7.785856	-0.222864	179.241138	4.901203	-0.464587	-5.050090	2.641439	-1.511809	4.797747	0.778468	-3.240493	2.616212	0.575604	0.715839	0.970630	0.304092	3.593267	-1.936168	9.377119
3.020000	7.805409	-0.237248	179.225286	4.929947	-0.487638	-5.001203	2.633149	-1.450137	4.820821	0.811489	-3.304691	2.621926	0.562209	0.715860	0.970641	0.304167	3.616180	-1.952296	9.393049
3.030000	7.824272	-0.252577	179.217947	4.960473	-0.512836	-4.949203	2.612006	-1.373420	4.844837	0.844652	-3.379999	2.620443	0.542822	0.715868	0.970664	0.304238	3.639494	-1.966587	9.406847
3.040000	7.838320	-0.266373	179.220282	4.988063	-0.535048	-4.906786	2.580379	-1.288255	4.867053	0.872834	-3.461731	2.609177	0.519094	0.715874	0.970694	0.304299	3.659672	-1.979223	9.413994
3.050000	7.846575	-0.276708	179.229494	5.011224	-0.550000	-4.880499	2.541888	-1.202201	4.886621	0.892341	-3.545557	2.588215	0.494098	0.715887	0.970723	0.304348	3.676110	-1.991528	9.413858
3.060000	7.850526	-0.282086	179.240082	5.030709	-0.554965	-4.870004	2.501183	-1.123961	4.903455	0.901012	-3.624921	2.561170	0.472108	0.715909	0.970748	0.304383	3.691016	-2.004689	9.409262
3.070000	7.852787	-0.281364	179.246099	5.047999	-0.548898	-4.870871	2.463505	-1.062528	4.917569	0.897961	-3.688766	2.534062	0.457637	0.715939	0.970768	0.304405	3.707924	-2.019020	9.404862
3.080000	7.855613	-0.274145	179.243529	5.063953	-0.532541	-4.878323	2.433707	-1.024518	4.928918	0.883384	-3.722722	2.512800	0.454296	0.715976	0.970782	0.304413	3.729506	-2.033985	9.404778
3.090000	7.859463	-0.261742	179.231832	5.077898	-0.508887	-4.889454	2.414692	-1.010756	4.937048	0.858966	-3.714717	2.500810	0.463368	0.716020	0.970790	0.304410	3.755722	-2.048743	9.410262
3.100000	7.862287	-0.247562	179.213886	5.087222	-0.483166	-4.902939	2.406914	-1.015710	4.940593	0.828530	-3.662124	2.498008	0.482877	0.716076	0.970787	0.304397	3.783249	-2.062245	9.418757
3.110000	7.860153	-0.235969	179.194432	5.087691	-0.461513	-4.917606	2.409557	-1.031132	4.937219	0.797725	-3.575524	2.501457	0.508023	0.716146	0.970769	0.304379	3.806473	-2.072728	9.425112
3.120000	7.848749	-0.230405	179.178072	5.074795	-0.448843	-4.932129	2.421523	-1.050167	4.924217	0.772429	-3.476014	2.507107	0.532595	0.716231	0.970735	0.304367	3.819589	-2.077769	9.423862
3.130000	7.824756	-0.232126	179.168083	5.045490	-0.447308	-4.946117	2.441047	-1.068458	4.899462	0.756874	-3.387021	2.511469	0.550637	0.716330	0.970688	0.304370	3.818810	-2.075405	9.410957
3.140000	7.786810	-0.240066	179.166276	4.999533	-0.456184	-4.960695	2.465083	-1.083105	4.862585	0.752757	-3.324721	2.512391	0.558077	0.716440	0.970638	0.304392	3.803898	-2.065447	9.384554
3.150000	7.736382	-0.251705	179.173223	4.940216	-0.472986	-4.977282	2.489777	-1.091949	4.816163	0.759731	-3.291845	2.509060	0.553936	0.716556	0.970595	0.304433	3.778681	-2.049967	9.345509
3.160000	7.678435	-0.264335	179.188226	4.874433	-0.494944	-4.995571	2.511788	-1.094053	4.766229	0.776589	-3.278200	2.501725	0.540525	0.716679	0.970566	0.304489	3.750280	-2.032685	9.297770
3.170000	7.620998	-0.276095	179.209160	4.811667	-0.519954	-5.012376	2.529414	-1.090688	4.721376	0.802096	-3.267760	2.491273	0.522639	0.716806	0.970553	0.304558	3.726902	-2.017746	9.248127
3.180000	7.573255	-0.286445	179.232870	4.761728	-0.546710	-5.022045	2.542828	-1.085567	4.690485	0.834937	-3.248328	2.478554	0.506350	0.716935	0.970547	0.304634	3.714681	-2.008573	9.204879
3.190000	7.542900	-0.295825	179.256151	4.732017	-0.574205	-5.018391	2.553504	-1.083480	4.679997	0.872973	-3.217864	2.463883	0.497476	0.717061	0.970538	0.304713	3.715085	-2.006904	9.175839
3.200000	7.534003	-0.304918	179.276714	4.725657	-0.601305	-4.997770	2.562898	-1.087912	4.691916	0.912653	-3.183882	2.447247	0.499260	0.717174	0.970515	0.304786	3.724535	-2.012172	9.166228
3.210000	7.546134	-0.314264	179.293671	4.741400	-0.626988	-4.961881	2.570787	-1.099273	4.723291	0.949383	-3.157299	2.429137	0.510293	0.717263	0.970479	0.304843	3.736337	-2.021690	9.177055
3.220000	7.574976	-0.323976	179.307184	4.774769	-0.650515	-4.918095	2.574832	-1.114854	4.767185	0.978455	-3.145609	2.411472	0.525249	0.717317	0.970431	0.304875	3.743732	-2.031370	9.204778
3.230000	7.613926	-0.333317	179.317440	4.819482	-0.671054	-4.876315	2.572008	-1.130617	4.814567	0.995994	-3.149589	2.397867	0.538488	0.717332	0.970381	0.304879	3.742552	-2.036705	9.242506
3.240000	7.655600	-0.340727	179.324013	4.868644	-0.687441	-4.843924	2.560387	-1.143939	4.856370	0.999956	-3.164248	2.392710	0.547177	0.717313	0.970335	0.304859	3.732222	-2.034204	9.281911
3.250000	7.692669	-0.344323	179.326243	4.915487	-0.698370	-4.822307	2.540020	-1.155321	4.885171	0.990870	-3.181821	2.399362	0.551395	0.717276	0.970297	0.304830	3.715038	-2.022697	9.314902
3.260000	7.718594	-0.342426	179.324067	4.953825	-0.702700	-4.807384	2.512997	-1.167409	4.896412	0.971814	-3.194538	2.418416	0.551903	0.717242	0.970270	0.304809	3.694603	-2.003709	9.335069
3.270000	7.729016	-0.334027	179.318312	4.978980	-0.699841	-4.793644	2.482897	-1.181922	4.889345	0.947527	-3.196390	2.447040	0.547837	0.717234	0.970254	0.304812	3.674433	-1.980857	9.339292
3.280000	7.723513	-0.319206	179.310183	4.989358	-0.690211	-4.778610	2.453632	-1.196848	4.867491	0.922826	-3.184283	2.479885	0.536257	0.717262	0.970252	0.304848	3.657098	-1.958584	9.329151
3.290000	7.706353	-0.299220	179.300393	4.987381	-0.675318	-4.764485	2.428500	-1.206410	4.838006	0.900887	-3.158855	2.510886	0.514052	0.717321	0.970261	0.304916	3.644026	-1.940576	9.310938
3.300000	7.685108	-0.276244	179.288728	4.978504	-0.657283	-4.756217	2.409911	-1.203971	4.809639	0.882445	-3.124790	2.534874	0.480846	0.717391	0.970277	0.305003	3.635941	-1.928603	9.293524
3.310000	7.667444	-0.253291	179.274924	4.968670	-0.638528	-4.757805	2.399180	-1.185770	4.789818	0.866786	-3.089996	2.548574	0.440742	0.717451	0.970294	0.305093	3.633216	-1.922705	9.284744
3.320000	7.657780	-0.234196	179.260481	4.961540	-0.621870	-4.769527	2.396286	-1.153459	4.782074	0.853779	-3.063233	2.550958	0.401564	0.717486	0.970304	0.305167	3.635623	-1.922373	9.288036
3.330000	7.655560	-0.222834	179.249287	4.956940	-0.610173	-4.787927	2.400141	-1.114280	4.785066	0.844770	-3.050950	2.542869	0.371851	0.717496	0.970302	0.305212	3.642152	-1.927166	9.300968
3.340000	7.656164	-0.221656	179.245936	4.951315	-0.605315	-4.807853	2.409706	-1.079157	4.793550	0.841757	-3.054991	2.526707	0.357408	0.717490	0.970287	0.305226	3.651392	-1.936396	9.316516
3.350000	7.653903	-0.230458	179.252832	4.940185	-0.607127	-4.824279	2.424669	-1.059339	4.800682	0.845787	-3.072314	2.506748	0.359667	0.717484	0.970265	0.305217	3.662035	-1.948532	9.326514
3.360000	7.645224	-0.245986	179.268194	4.921606	-0.613012	-4.832968	2.444192	-1.062163	4.800830	0.855563	-3.096590	2.488941	0.376540	0.717492	0.970245	0.305198	3.673097	-1.960892	9.325329
3.370000	7.630280	-0.263026	179.286737	4.898304	-0.619025	-4.830786	2.465097	-1.087886	4.792042	0.867698	-3.120786	2.478977	0.404334	0.717523	0.970235	0.305186	3.683433	-1.970272	9.311809
3.380000	7.612269	-0.276776	179.302869	4.876850	-0.622090	-4.816813	2.481765	-1.129674	4.776967	0.878698	-3.139187	2.479421	0.439248	0.717584	0.970241	0.305193	3.690779	-1.974537	9.288829
3.390000	7.595311	-0.285071	179.313892	4.864409	-0.621847	-4.793983	2.488090	-1.176844	4.761584	0.886872	-3.147584	2.487986	0.478303	0.717680	0.970261	0.305220	3.691613	-1.974029	9.261253
3.400000	7.582220	-0.289086	179.321090	4.865078	-0.620866	-4.769389	2.480155	-1.219034	4.752227	0.892819	-3.142447	2.498237	0.519814	0.717810	0.970290	0.305262	3.682523	-1.971797	9.233767
3.410000	7.573239	-0.292240	179.328600	4.877881	-0.623145	-4.752113	2.457677	-1.248464	4.752523	0.898588	-3.121306	2.502500	0.563020	0.717968	0.970324	0.305310	3.662139	-1.972456	9.209502
3.420000	7.566300	-0.298245	179.341051	4.897490	-0.632141	-4.749494	2.423659	-1.260210	4.762051	0.906493	-3.085048	2.495097	0.607141	0.718142	0.970357	0.305355	3.632313	-1.980434	9.189648
3.430000	7.558694	-0.309730	179.360914	4.917152	-0.649836	-4.764312	2.383305	-1.252275	4.777608	0.918525	-3.040459	2.473960	0.650876	0.718319	0.970387	0.305390	3.598106	-1.998628	9.173929
3.440000	7.549215	-0.327739	179.386912	4.932003	-0.676601	-4.794899	2.342993	-1.225598	4.795607	0.936020	-3.000784	2.440991	0.692727	0.718491	0.970412	0.305414	3.566555	-2.027647	9.161595
3.450000	7.539190	-0.351513	179.414511	4.940708	-0.711015	-4.837563	2.309202	-1.183035	4.813489	0.958926	-2.982869	2.401807	0.731904	0.718652	0.970429	0.305424	3.544655	-2.065337	9.152159
3.460000	7.531380	-0.378422	179.437905	4.944576	-0.749686	-4.888603	2.287284	-1.127728	4.829706	0.985149	-3.001345	2.363879	0.769455	0.718795	0.970436	0.305423	3.537756	-2.106770	9.145110
3.470000	7.527658	-0.404134	179.452196	4.945280	-0.787209	-4.944113	2.280261	-1.062180	4.842890	1.010565	-3.062443	2.333676	0.808320	0.718912	0.970435	0.305413	3.548754	-2.144787	9.139091
3.480000	7.527438	-0.423544	179.454943	4.943417	-0.816901	-4.998545	2.287680	-0.988775	4.851174	1.029977	-3.160585	2.314829	0.851134	0.719000	0.970429	0.305402	3.577567	-2.171387	9.131766
3.490000	7.528037	-0.432844	179.446718	4.938787	-0.833254	-5.044310	2.305321	-0.911207	4.852554	1.039392	-3.279283	2.307814	0.896876	0.719056	0.970424	0.305398	3.620793	-2.180385	9.120941
3.500000	7.526562	-0.431519	179.430718	4.931522	-0.834779	-5.073447	2.326737	-0.835657	4.846296	1.038423	-3.395699	2.310466	0.939298	0.719085	0.970430	0.305406	3.671944	-2.170149	9.106287
3.510000	7.521840	-0.422294	179.411530	4.922918	-0.824470	-5.080378	2.345854	-0.770764	4.834162	1.030463	-3.487005	2.319041	0.968829	0.719094	0.970450	0.305425	3.722609	-2.144346	9.090327
3.520000	7.515040	-0.409543	179.393474	4.915452	-0.808041	-5.063635	2.358748	-0.725623	4.820314	1.020999	-3.536770	2.329449	0.976824	0.719092	0.970485	0.305449	3.764491	-2.110674	9.077665
3.530000	7.508792	-0.398000	179.379216	4.911924	-0.791994	-5.025653	2.364201	-0.706474	4.809903	1.015915	-3.539906	2.338031	0.959869	0.719091	0.970528	0.305472	3.791673	-2.078893	9.072634
3.540000	7.505660	-0.391683	179.369299	4.914095	-0.781725	-4.971543	2.363753	-0.714656	4.806965	1.019536	-3.504430	2.342141	0.921872	0.719100	0.970567	0.305486	3.802012	-2.058028	9.076919
3.550000	7.506726	-0.392547	179.362534	4.921661	-0.779571	-4.908163	2.361044	-0.747218	4.812583	1.032536	-3.448218	2.340868	0.872328	0.719126	0.970588	0.305489	3.797226	-2.052976	9.088604
3.560000	7.510774	-0.399753	179.356752	4.932143	-0.784345	-4.843896	2.359982	-0.798580	4.824299	1.051617	-3.391249	2.335199	0.821864	0.719174	0.970583	0.305484	3.782177	-2.062576	9.102970
3.570000	7.514547	-0.410093	179.349841	4.941707	-0.792693	-4.788216	2.362694	-0.861683	4.837102	1.071357	-3.347071	2.327402	0.777979	0.719247	0.970548	0.305480	3.763510	-2.080420	9.114542
3.580000	7.514073	-0.419119	179.340946	4.946520	-0.800599	-4.749579	2.368713	-0.929051	4.845469	1.086542	-3.317902	2.320128	0.742616	0.719345	0.970493	0.305492	3.747641	-2.097542	9.119207
3.590000	7.506349	-0.422673	179.331224	4.944068	-0.804409	-4.731784	2.375636	-0.993524	4.845559	1.093906	-3.295895	2.315503	0.712480	0.719465	0.970435	0.305529	3.738854	-2.105666	9.115274
3.600000	7.490514	-0.418656	179.323526	4.933795	-0.802232	-4.731311	2.380461	-1.047452	4.836438	1.093271	-3.269718	2.314391	0.682625	0.719599	0.970394	0.305593	3.738298	-2.100122	9.103287
3.610000	7.468045	-0.407915	179.320828	4.916950	-0.794632	-4.738380	2.381020	-1.082327	4.819963	1.087401	-3.232269	2.316049	0.650879	0.719734	0.970381	0.305674	3.744246	-2.081383	9.085232
3.620000	7.442043	-0.393382	179.324264	4.896093	-0.783343	-4.741793	2.376862	-1.091747	4.799650	1.080022	-3.184694	2.318523	0.619520	0.719855	0.970394	0.305755	3.753147	-2.054365	9.063795
3.630000	7.416224	-0.378398	179.332478	4.874885	-0.769841	-4.734690	2.368686	-1.075612	4.779262	1.073664	-3.134717	2.319948	0.593918	0.719952	0.970420	0.305820	3.760615	-2.026193	9.042007
3.640000	7.394179	-0.365620	179.342618	4.857866	-0.755244	-4.717942	2.357132	-1.041059	4.761947	1.069092	-3.091530	2.319657	0.580040	0.720021	0.970444	0.305860	3.762517	-2.003684	9.023087
3.650000	7.378933	-0.356804	179.351795	4.849541	-0.740778	-4.699623	2.342793	-0.998989	4.750208	1.066208	-3.061468	2.317943	0.582097	0.720066	0.970456	0.305874	3.756708	-1.991421	9.009947
3.660000	7.372636	-0.352977	179.358245	4.852950	-0.728065	-4.691006	2.327250	-0.959293	4.746093	1.065201	-3.046900	2.315268	0.600677	0.720093	0.970455	0.305873	3.744575	-1.991037	9.004324
3.670000	7.376455	-0.354363	179.361937	4.868723	-0.718982	-4.701274	2.313628	-0.928409	4.751152	1.066786	-3.047732	2.312035	0.632024	0.720111	0.970448	0.305866	3.730926	-2.001561	9.006338
3.680000	7.390725	-0.360000	179.364381	4.895245	-0.714987	-4.733732	2.305895	-0.909850	4.766301	1.071451	-3.063226	2.308801	0.669352	0.720123	0.970442	0.305865	3.721837	-2.020232	9.015178
3.690000	7.414905	-0.367685	179.367778	4.929509	-0.716420	-4.784954	2.307047	-0.905562	4.791452	1.078718	-3.092297	2.306453	0.705584	0.720132	0.970445	0.305877	3.721582	-2.043332	9.030226
3.700000	7.446826	-0.374776	179.373938	4.967675	-0.722397	-4.846451	2.317195	-0.916067	4.824643	1.087345	-3.132107	2.306104	0.735668	0.720138	0.970456	0.305906	3.730483	-2.066931	9.050966
3.710000	7.481615	-0.379570	179.383303	5.004895	-0.731435	-4.907398	2.332915	-0.939526	4.861082	1.096303	-3.176605	2.308742	0.757147	0.720143	0.970472	0.305948	3.745028	-2.087571	9.075267
3.720000	7.511645	-0.382271	179.394404	5.035156	-0.742362	-4.957248	2.348528	-0.971307	4.893236	1.105557	-3.217119	2.314762	0.769382	0.720156	0.970490	0.305993	3.760047	-2.102855	9.097718
3.730000	7.528445	-0.384906	179.404190	5.052103	-0.754927	-4.988016	2.358830	-1.004980	4.912812	1.115985	-3.245354	2.323589	0.772789	0.720187	0.970507	0.306032	3.771345	-2.111964	9.110344
3.740000	7.525922	-0.390324	179.409477	5.050838	-0.769817	-4.996353	2.361880	-1.034115	4.913928	1.128660	-3.256622	2.333635	0.769002	0.720245	0.970519	0.306054	3.776976	-2.116035	9.106062
3.750000	7.503001	-0.400864	179.409036	5.029681	-0.788045	-4.984893	2.360139	-1.053546	4.895540	1.144130	-3.250887	2.342813	0.761714	0.720328	0.970523	0.306056	3.776537	-2.118005	9.082763
3.760000	7.464174	-0.417211	179.405058	4.990942	-0.809948	-4.961969	2.359028	-1.059471	4.861634	1.161991	-3.231255	2.349559	0.757205	0.720427	0.970514	0.306040	3.769597	-2.121630	9.045155
3.770000	7.417761	-0.437821	179.402680	4.940460	-0.834197	-4.939399	2.363670	-1.049594	4.819491	1.180698	-3.201518	2.353400	0.762751	0.720525	0.970487	0.306011	3.755088	-2.129888	9.003033
3.780000	7.372905	-0.459189	179.407431	4.886223	-0.857446	-4.928986	2.375998	-1.024415	4.777372	1.197603	-3.164649	2.354439	0.782787	0.720608	0.970441	0.305976	3.732331	-2.143551	8.966968
3.790000	7.336781	-0.476993	179.422090	4.836477	-0.875118	-4.938759	2.393999	-0.988618	4.742414	1.209484	-3.123075	2.352657	0.815927	0.720671	0.970382	0.305939	3.702691	-2.160716	8.944016
3.800000	7.313161	-0.487663	179.444868	4.797962	-0.883148	-4.970091	2.413297	-0.950773	4.719149	1.213598	-3.080120	2.348097	0.855286	0.720716	0.970322	0.305903	3.670351	-2.177631	8.935818
3.810000	7.302638	-0.489873	179.469975	4.774850	-0.880082	-5.016942	2.429621	-0.920392	4.708982	1.208963	-3.041203	2.341718	0.891734	0.720749	0.970271	0.305868	3.641494	-2.190634	8.939625
3.820000	7.303784	-0.485180	179.490128	4.768467	-0.868241	-5.067970	2.440518	-0.903814	4.710512	1.197162	-3.013504	2.336035	0.917439	0.720778	0.970237	0.305838	3.622306	-2.198068	8.950826
3.830000	7.314076	-0.476991	179.499462	4.777417	-0.852547	-5.110880	2.445648	-0.902243	4.720269	1.181893	-3.004095	2.334897	0.926836	0.720806	0.970217	0.305818	3.616776	-2.200401	8.964976
3.840000	7.330130	-0.468819	179.495545	4.797911	-0.838029	-5.137054	2.445751	-0.911971	4.733532	1.167736	-3.017731	2.342135	0.916086	0.720837	0.970208	0.305812	3.625250	-2.198896	8.978361
3.850000	7.347755	-0.463494	179.479990	4.824514	-0.828230	-5.144313	2.441073	-0.924935	4.745431	1.159069	-3.055413	2.359340	0.884052	0.720872	0.970203	0.305825	3.644354	-2.194678	8.987618
3.860000	7.362537	-0.463052	179.457834	4.851450	-0.824800	-5.136627	2.430758	-0.930791	4.752558	1.159082	-3.113827	2.383851	0.834232	0.720914	0.970200	0.305852	3.668309	-2.188599	8.989529
3.870000	7.371048	-0.468453	179.435991	4.874091	-0.827595	-5.121393	2.413875	-0.921243	4.754498	1.168838	-3.185642	2.408470	0.775395	0.720965	0.970201	0.305885	3.691100	-2.181413	8.981628
3.880000	7.372036	-0.478922	179.421057	4.890024	-0.834969	-5.106385	2.391119	-0.894552	4.753964	1.186742	-3.261071	2.424037	0.719426	0.721021	0.970211	0.305918	3.708747	-2.173679	8.963383
3.890000	7.366832	-0.491504	179.416927	4.899197	-0.844168	-5.098161	2.365772	-0.857466	4.755007	1.208772	-3.330480	2.423993	0.676898	0.721079	0.970235	0.305946	3.720821	-2.165377	8.937038
3.900000	7.358561	-0.502425	179.423307	4.903213	-0.852794	-5.101718	2.342865	-0.821917	4.760453	1.230260	-3.386588	2.407801	0.653602	0.721128	0.970270	0.305977	3.730345	-2.156583	8.907229
3.910000	7.350563	-0.509907	179.436186	4.904245	-0.860995	-5.119969	2.326710	-0.797678	4.770282	1.248669	-3.425061	2.381081	0.649431	0.721157	0.970311	0.306013	3.741561	-2.149201	8.879360
3.920000	7.345022	-0.515081	179.450015	4.904117	-0.871236	-5.152203	2.318832	-0.787808	4.781880	1.264252	-3.444019	2.352885	0.658076	0.721162	0.970347	0.306056	3.756505	-2.146831	8.857687
3.930000	7.342508	-0.519989	179.460181	4.903872	-0.885289	-5.192437	2.317754	-0.790391	4.791824	1.277802	-3.443881	2.331716	0.668270	0.721144	0.970372	0.306101	3.772832	-2.152130	8.843936
3.940000	7.342321	-0.525625	179.464460	4.903934	-0.902257	-5.229648	2.320034	-0.802448	4.797798	1.288764	-3.427903	2.322244	0.668311	0.721117	0.970384	0.306139	3.784854	-2.164858	8.836783
3.950000	7.343211	-0.531627	179.463040	4.904530	-0.919199	-5.251102	2.321848	-0.822263	4.799365	1.295446	-3.402308	2.324471	0.651570	0.721096	0.970387	0.306163	3.787101	-2.182135	8.832479
3.960000	7.344085	-0.536823	179.457623	4.905938	-0.932753	-5.247750	2.320682	-0.849811	4.797423	1.296189	-3.374686	2.335398	0.618978	0.721094	0.970388	0.306171	3.777719	-2.199858	8.826551
3.970000	7.344456	-0.540034	179.450407	4.908562	-0.940599	-5.218691	2.316188	-0.885656	4.793160	1.290467	-3.350987	2.351554	0.577321	0.721119	0.970392	0.306163	3.759510	-2.214230	8.815694
3.980000	7.344607	-0.540655	179.443347	4.912966	-0.942205	-5.171793	2.309755	-0.929262	4.787440	1.279347	-3.333185	2.370606	0.535322	0.721171	0.970406	0.306142	3.738349	-2.222726	8.798909
3.990000	7.345518	-0.538695	179.437758	4.919898	-0.938613	-5.119955	2.303259	-0.978079	4.780966	1.265006	-3.319550	2.391344	0.500430	0.721241	0.970432	0.306114	3.720287	-2.224195	8.777610
4.000000	7.348576	-0.534545	179.434184	4.930258	-0.931726	-5.075273	2.297833	-1.028036	4.774793	1.249825	-3.307368	2.412623	0.477751	0.721316	0.970469	0.306088	3.709094	-2.218593	8.755078
4.010000	7.355069	-0.528945	179.432391	4.944827	-0.923710	-5.044425	2.293445	-1.074968	4.770574	1.235887	-3.295884	2.432466	0.470212	0.721380	0.970515	0.306071	3.705446	-2.206936	8.735567
4.020000	7.365697	-0.522936	179.431408	4.963794	-0.916406	-5.027167	2.289467	-1.115943	4.770244	1.224896	-3.287426	2.448254	0.478285	0.721422	0.970565	0.306071	3.707836	-2.191164	8.723255
4.030000	7.380417	-0.517510	179.429852	4.986444	-0.910768	-5.017913	2.285512	-1.149463	4.775387	1.218039	-3.286387	2.457944	0.498858	0.721438	0.970617	0.306092	3.714143	-2.173510	8.721178
4.040000	7.398536	-0.513654	179.426864	5.011099	-0.907280	-5.009357	2.281860	-1.174294	4.786583	1.216145	-3.297174	2.461139	0.524794	0.721430	0.970671	0.306134	3.722446	-2.156035	8.730152
4.050000	7.418619	-0.512462	179.423133	5.034937	-0.906665	-4.996677	2.279805	-1.188774	4.802903	1.219782	-3.322241	2.459068	0.546885	0.721402	0.970729	0.306195	3.730731	-2.140361	8.747849
4.060000	7.438202	-0.514085	179.420866	5.053704	-0.908819	-4.980652	2.282230	-1.192267	4.821580	1.228244	-3.360888	2.453876	0.557743	0.721362	0.970792	0.306266	3.736407	-2.126701	8.768638
4.070000	7.453875	-0.516503	179.422489	5.062198	-0.911177	-4.968270	2.293412	-1.187034	4.838185	1.238611	-3.409076	2.448202	0.555172	0.721315	0.970856	0.306340	3.736665	-2.113214	8.784890
4.080000	7.462265	-0.516051	179.429114	5.056097	-0.909330	-4.970333	2.317339	-1.178272	4.847800	1.246722	-3.460042	2.445021	0.542968	0.721265	0.970911	0.306409	3.729675	-2.097225	8.789836
4.090000	7.461604	-0.509545	179.439917	5.034340	-0.899711	-4.997241	2.355337	-1.172322	4.847112	1.249470	-3.505434	2.446965	0.528793	0.721218	0.970946	0.306471	3.715754	-2.077564	8.780789
4.100000	7.452736	-0.496431	179.452771	5.000378	-0.882162	-5.054932	2.404517	-1.174156	4.836242	1.246603	-3.537133	2.454945	0.520245	0.721178	0.970953	0.306525	3.697568	-2.056176	8.760615
4.110000	7.438729	-0.479507	179.465509	4.961152	-0.860563	-5.142155	2.458070	-1.185276	4.818915	1.240797	-3.549685	2.466972	0.521050	0.721151	0.970934	0.306572	3.679117	-2.037775	8.736180
4.120000	7.423382	-0.463506	179.476807	4.924364	-0.840946	-5.249099	2.507377	-1.203316	4.800750	1.235854	-3.542328	2.478460	0.529075	0.721139	0.970893	0.306610	3.664091	-2.027483	8.714680
4.130000	7.409783	-0.452447	179.485996	4.895797	-0.828262	-5.357603	2.544996	-1.223567	4.786809	1.234226	-3.519594	2.484254	0.537238	0.721144	0.970840	0.306634	3.654830	-2.027877	8.700288
4.140000	7.399831	-0.447611	179.491848	4.878147	-0.824029	-5.443777	2.567091	-1.241235	4.779899	1.235558	-3.490381	2.481277	0.537157	0.721163	0.970778	0.306639	3.652634	-2.037413	8.693179
4.150000	7.394696	-0.447207	179.491483	4.871573	-0.826036	-5.483353	2.574247	-1.253251	4.780277	1.236995	-3.465737	2.470414	0.523679	0.721187	0.970707	0.306625	3.658685	-2.050875	8.691118
4.160000	7.395417	-0.447447	179.480665	4.875017	-0.829670	-5.458760	2.570454	-1.259084	4.786410	1.234737	-3.455408	2.456553	0.497821	0.721207	0.970626	0.306600	3.674293	-2.061227	8.692149
4.170000	7.402924	-0.444232	179.455880	4.887301	-0.829894	-5.365795	2.560704	-1.260092	4.796093	1.225794	-3.463674	2.446601	0.466205	0.721213	0.970536	0.306572	3.699900	-2.061904	8.696384
4.180000	7.417362	-0.434600	179.417465	4.907463	-0.823069	-5.217369	2.548157	-1.257626	4.807279	1.209123	-3.486124	2.446579	0.436936	0.721203	0.970443	0.306555	3.733150	-2.048831	8.705771
4.190000	7.437354	-0.417540	179.371555	4.934199	-0.807986	-5.042284	2.532964	-1.251788	4.818467	1.185701	-3.509422	2.459019	0.415347	0.721178	0.970358	0.306556	3.767666	-2.021739	8.722257
4.200000	7.460012	-0.394188	179.328786	4.964911	-0.785845	-4.878434	2.514004	-1.242384	4.828964	1.157757	-3.515092	2.481511	0.403246	0.721147	0.970292	0.306575	3.794211	-1.984489	8.745826
4.210000	7.481944	-0.367418	179.300282	4.995452	-0.759610	-4.762016	2.491940	-1.231188	4.839159	1.127925	-3.486277	2.507216	0.400934	0.721116	0.970253	0.306603	3.803837	-1.944083	8.773768
4.220000	7.500666	-0.341098	179.293282	5.021081	-0.733281	-4.716544	2.471012	-1.223254	4.850414	1.099017	-3.414349	2.527713	0.408625	0.721090	0.970242	0.306626	3.791483	-1.908731	8.801480
4.230000	7.515549	-0.319455	179.308710	5.038156	-0.711275	-4.746056	2.458122	-1.225494	4.864198	1.074411	-3.302164	2.537337	0.425248	0.721072	0.970253	0.306632	3.758360	-1.885905	8.824140
4.240000	7.527849	-0.306122	179.341777	5.045752	-0.697541	-4.835125	2.459365	-1.242938	4.881047	1.058055	-3.162915	2.536462	0.446534	0.721062	0.970280	0.306614	3.711783	-1.880445	8.838470
4.250000	7.539979	-0.302796	179.384561	5.046513	-0.694311	-4.955060	2.476022	-1.275349	4.900277	1.053288	-3.015636	2.531276	0.465547	0.721063	0.970318	0.306573	3.662584	-1.892865	8.843957
4.260000	7.554482	-0.308929	179.428680	5.046264	-0.701664	-5.073176	2.502630	-1.316751	4.920592	1.061575	-2.879429	2.530284	0.475266	0.721078	0.970364	0.306520	3.621699	-1.919347	8.842932
4.270000	7.573123	-0.322791	179.467259	5.052202	-0.718282	-5.161529	2.528578	-1.358044	4.940866	1.082192	-2.769191	2.540031	0.470979	0.721107	0.970417	0.306468	3.597218	-1.953722	8.839364
4.280000	7.596317	-0.342287	179.496220	5.070082	-0.742062	-5.203097	2.542368	-1.390439	4.960376	1.112085	-2.694487	2.562369	0.451923	0.721145	0.970475	0.306423	3.592555	-1.989658	8.836955
4.290000	7.622929	-0.364652	179.514543	5.101457	-0.769648	-5.194523	2.536663	-1.408396	4.978495	1.145309	-2.660461	2.593918	0.422265	0.721182	0.970532	0.306385	3.606150	-2.021626	8.837636
4.300000	7.650551	-0.385849	179.523482	5.142274	-0.795724	-5.145163	2.512022	-1.411641	4.994393	1.173170	-2.668059	2.627465	0.390421	0.721201	0.970581	0.306351	3.632522	-2.044956	8.841273
4.310000	7.676331	-0.401193	179.525441	5.184120	-0.813917	-5.072878	2.476780	-1.404371	5.007054	1.186752	-2.712268	2.655155	0.365067	0.721183	0.970613	0.306310	3.663932	-2.056371	8.846592
4.320000	7.698132	-0.407549	179.522923	5.217916	-0.819650	-4.997820	2.442781	-1.391720	5.015509	1.181277	-2.780329	2.672460	0.349368	0.721115	0.970625	0.306260	3.692567	-2.055435	8.852510
4.330000	7.715407	-0.405342	179.517574	5.237924	-0.812759	-4.936216	2.420041	-1.376874	5.019259	1.158972	-2.853486	2.680319	0.338869	0.720995	0.970619	0.306204	3.713087	-2.045437	8.858866
4.340000	7.729269	-0.398325	179.509880	5.243726	-0.797472	-4.896700	2.413487	-1.360799	5.018802	1.127820	-2.913005	2.683612	0.326044	0.720833	0.970603	0.306150	3.724301	-2.032033	8.866284
4.350000	7.741725	-0.391293	179.499926	5.239569	-0.780214	-4.880529	2.422534	-1.343624	5.015917	1.097529	-2.946679	2.687576	0.307027	0.720650	0.970585	0.306111	3.728808	-2.020418	8.875743
4.360000	7.754724	-0.387566	179.488982	5.231803	-0.766907	-4.884629	2.443008	-1.326420	5.013293	1.075739	-2.951568	2.695122	0.284708	0.720472	0.970574	0.306100	3.730573	-2.013304	8.888512
4.370000	7.769301	-0.387417	179.480791	5.225642	-0.760508	-4.904976	2.470235	-1.312745	5.013629	1.065655	-2.932308	2.705972	0.267448	0.720322	0.970572	0.306122	3.731671	-2.010597	8.906020
4.380000	7.784613	-0.388063	179.480656	5.222609	-0.760099	-4.938528	2.500944	-1.308517	5.018250	1.065625	-2.897053	2.717241	0.264600	0.720213	0.970577	0.306173	3.730727	-2.010465	8.928614
4.390000	7.797101	-0.385451	179.492459	5.219778	-0.762358	-4.983204	2.532786	-1.319069	5.025640	1.071059	-2.853648	2.724992	0.281158	0.720153	0.970583	0.306243	3.724120	-2.011014	8.953448
4.400000	7.800916	-0.376529	179.516104	5.211259	-0.763728	-5.036026	2.562774	-1.345970	5.031200	1.077161	-2.807679	2.725844	0.315227	0.720141	0.970584	0.306320	3.708647	-2.011132	8.973547
4.410000	7.790324	-0.360476	179.546881	5.191767	-0.761495	-5.090876	2.586574	-1.387475	5.029331	1.080268	-2.762062	2.717918	0.358976	0.720172	0.970575	0.306395	3.684350	-2.009915	8.979849
4.420000	7.763275	-0.338744	179.576825	5.160695	-0.754008	-5.138167	2.599341	-1.440974	5.016918	1.077912	-2.717490	2.701487	0.401050	0.720241	0.970557	0.306459	3.656256	-2.005893	8.965695
4.430000	7.723966	-0.314587	179.597757	5.123830	-0.741102	-5.167579	2.597967	-1.503288	4.995642	1.069211	-2.673971	2.679774	0.429541	0.720337	0.970539	0.306507	3.633275	-1.997411	8.931138
4.440000	7.682269	-0.292461	179.604617	5.091018	-0.724721	-5.172195	2.583818	-1.569858	4.971465	1.055503	-2.633129	2.658733	0.435293	0.720444	0.970529	0.306533	3.624368	-1.984075	8.884010
4.450000	7.649741	-0.277089	179.597108	5.071055	-0.708802	-5.151231	2.563723	-1.635562	4.951704	1.039996	-2.600027	2.644742	0.414620	0.720538	0.970536	0.306535	3.634331	-1.967853	8.836692
4.460000	7.634346	-0.271733	179.578719	5.067450	-0.697680	-5.110338	2.546972	-1.695431	4.941384	1.026185	-2.583113	2.641664	0.370610	0.720600	0.970561	0.306513	3.661747	-1.952207	8.800553
4.470000	7.636908	-0.276526	179.554248	5.077369	-0.694099	-5.060107	2.539908	-1.744204	4.940841	1.016192	-2.591779	2.649290	0.312575	0.720620	0.970598	0.306473	3.699896	-1.939836	8.781293
4.480000	7.651129	-0.288627	179.528070	5.093362	-0.698708	-5.013537	2.542789	-1.776859	4.945794	1.010400	-2.632230	2.663742	0.253744	0.720600	0.970635	0.306426	3.739218	-1.931421	8.777586
4.490000	7.666846	-0.303822	179.503868	5.106551	-0.710450	-4.983384	2.550759	-1.790158	4.949575	1.008076	-2.703287	2.679460	0.207731	0.720556	0.970661	0.306384	3.769896	-1.925966	8.783126
4.500000	7.674513	-0.317991	179.484772	5.109974	-0.726540	-4.979744	2.557205	-1.783581	4.946162	1.007832	-2.794174	2.691481	0.184566	0.720504	0.970667	0.306353	3.784266	-1.921700	8.790342
4.510000	7.668730	-0.328113	179.473421	5.100763	-0.742829	-5.007447	2.557351	-1.759876	4.932735	1.007832	-2.886174	2.696681	0.187400	0.720464	0.970650	0.306335	3.778760	-1.917231	8.793703
4.520000	7.649635	-0.332835	179.471861	5.080572	-0.755134	-5.063934	2.550168	-1.725115	4.910696	1.006232	-2.958286	2.693982	0.211025	0.720447	0.970616	0.306321	3.754984	-1.912477	8.791406
4.530000	7.622182	-0.332459	179.480710	5.054724	-0.760728	-5.138916	2.537816	-1.687289	4.884863	1.001889	-2.994450	2.684308	0.243304	0.720457	0.970579	0.306302	3.719969	-1.908736	8.785320
4.540000	7.594198	-0.328632	179.497858	5.030750	-0.759250	-5.216245	2.523613	-1.653597	4.861528	0.995155	-2.989024	2.670722	0.269496	0.720489	0.970553	0.306271	3.685218	-1.908169	8.779755
4.550000	7.573989	-0.323838	179.518142	5.016671	-0.752545	-5.277822	2.509945	-1.627536	4.846273	0.988282	-2.948426	2.658437	0.277639	0.720527	0.970551	0.306224	3.663749	-1.913198	8.779753
4.560000	7.568027	-0.320574	179.534863	5.018963	-0.743454	-5.308716	2.497192	-1.607556	4.842340	0.984827	-2.888534	2.653714	0.262721	0.720554	0.970580	0.306166	3.665564	-1.925877	8.789406
4.570000	7.579063	-0.320369	179.542483	5.040314	-0.734203	-5.301798	2.484275	-1.588706	4.849935	0.988001	-2.828814	2.661246	0.228256	0.720553	0.970636	0.306104	3.693646	-1.947131	8.810407
4.580000	7.605226	-0.323146	179.538918	5.077992	-0.725289	-5.259950	2.470389	-1.566591	4.866650	0.998802	-2.785516	2.681224	0.184720	0.720515	0.970710	0.306048	3.742727	-1.975910	8.841084
4.590000	7.640556	-0.327320	179.526105	5.123953	-0.715500	-5.194811	2.456637	-1.541085	4.888734	1.015159	-2.766800	2.707971	0.145430	0.720441	0.970788	0.306007	3.801511	-2.008742	8.876360
4.600000	7.676852	-0.330466	179.508647	5.167154	-0.703012	-5.122654	2.446082	-1.517116	4.912481	1.032575	-2.771776	2.731434	0.121589	0.720341	0.970856	0.305981	3.857092	-2.040115	8.909006
4.610000	7.706120	-0.330185	179.491345	5.197376	-0.686844	-5.059418	2.441799	-1.501814	4.934924	1.045865	-2.793376	2.741248	0.118412	0.720231	0.970906	0.305971	3.899476	-2.063891	8.931865
4.620000	7.722753	-0.325006	179.476923	5.208809	-0.667837	-5.017047	2.444314	-1.499812	4.953663	1.051166	-2.822834	2.731492	0.133965	0.720127	0.970934	0.305972	3.924545	-2.075424	8.940219
4.630000	7.724739	-0.315107	179.465228	5.201554	-0.648690	-5.001931	2.450594	-1.509987	4.966339	1.047373	-2.853017	2.703601	0.161582	0.720039	0.970937	0.305981	3.934453	-2.073415	8.933368
4.640000	7.713512	-0.302503	179.454422	5.180415	-0.633004	-5.014802	2.455542	-1.526067	4.970408	1.036381	-2.879207	2.665871	0.194801	0.719970	0.970917	0.305996	3.935291	-2.060334	8.914670
4.650000	7.692761	-0.290579	179.442964	5.152156	-0.624025	-5.051182	2.454857	-1.540061	4.963697	1.022102	-2.897892	2.629886	0.231140	0.719915	0.970877	0.306013	3.933511	-2.041234	8.890079
4.660000	7.667123	-0.283107	179.430680	5.123099	-0.623761	-5.102302	2.447304	-1.545395	4.945704	1.008718	-2.905596	2.605738	0.271601	0.719872	0.970819	0.306025	3.933248	-2.021797	8.866158
4.670000	7.641477	-0.282877	179.418657	5.098197	-0.632576	-5.156863	2.435048	-1.538325	4.918956	0.999042	-2.899577	2.598397	0.316943	0.719839	0.970750	0.306023	3.935390	-2.006404	8.848650
4.680000	7.620604	-0.290460	179.408651	5.081188	-0.649176	-5.203744	2.422066	-1.517793	4.889226	0.993786	-2.879700	2.606771	0.364020	0.719821	0.970680	0.306001	3.938159	-1.996971	8.841761
4.690000	7.608506	-0.303832	179.402534	5.074725	-0.670962	-5.234959	2.411824	-1.484376	4.863996	0.991906	-2.849147	2.625323	0.405052	0.719822	0.970618	0.305959	3.938645	-1.992905	8.847520
4.700000	7.607240	-0.319119	179.401982	5.079793	-0.694673	-5.247730	2.405810	-1.439815	4.849714	0.991521	-2.813114	2.646921	0.430608	0.719846	0.970571	0.305902	3.934450	-1.991942	8.864941
4.710000	7.616062	-0.332244	179.408209	5.094777	-0.717250	-5.244615	2.403963	-1.388181	4.849253	0.990752	-2.776673	2.665612	0.434185	0.719892	0.970541	0.305841	3.924803	-1.991432	8.889721
4.720000	7.631698	-0.340661	179.421529	5.115137	-0.736592	-5.231304	2.406470	-1.337195	4.860911	0.988156	-2.743358	2.678355	0.415420	0.719952	0.970525	0.305786	3.910766	-1.989538	8.915363
4.730000	7.649540	-0.344067	179.440940	5.134222	-0.751680	-5.212997	2.414827	-1.296693	4.879237	0.983065	-2.715043	2.685142	0.380959	0.720013	0.970520	0.305740	3.894421	-1.985784	8.935316
4.740000	7.664880	-0.344002	179.464051	5.144973	-0.762176	-5.191584	2.430928	-1.274139	4.896938	0.975993	-2.692634	2.687818	0.343024	0.720054	0.970519	0.305703	3.877571	-1.981107	8.944844
4.750000	7.673657	-0.342940	179.487458	5.141806	-0.768052	-5.165700	2.455052	-1.270765	4.906908	0.968680	-2.676718	2.688548	0.315538	0.720057	0.970514	0.305674	3.860864	-1.977726	8.941780
4.760000	7.672946	-0.343093	179.507414	5.122358	-0.769424	-5.133697	2.484124	-1.281193	4.904109	0.963453	-2.667622	2.688520	0.308841	0.720013	0.970501	0.305650	3.843925	-1.978439	8.926463
4.770000	7.661648	-0.345370	179.520588	5.088791	-0.766510	-5.096853	2.511529	-1.296720	4.887274	0.962213	-2.665189	2.687181	0.325667	0.719926	0.970479	0.305629	3.826312	-1.985369	8.901570
4.780000	7.641439	-0.349196	179.524810	5.047945	-0.759699	-5.059680	2.529199	-1.310450	4.859826	0.965652	-2.668966	2.682612	0.360710	0.719811	0.970452	0.305614	3.808597	-1.999024	8.872150
4.790000	7.617190	-0.353048	179.519545	5.009768	-0.749455	-5.027236	2.531150	-1.321243	4.829178	0.972842	-2.678776	2.673190	0.403368	0.719687	0.970429	0.305603	3.792887	-2.017941	8.845325
4.800000	7.595950	-0.355128	179.505884	4.984281	-0.736243	-5.002533	2.516222	-1.333693	4.804299	0.981530	-2.694666	2.659276	0.441699	0.719567	0.970424	0.305597	3.782401	-2.038721	8.828899
4.810000	7.584456	-0.354189	179.486388	4.978068	-0.721125	-4.986559	2.488459	-1.353907	4.792515	0.989562	-2.715563	2.643331	0.466504	0.719460	0.970443	0.305596	3.779945	-2.056785	8.828689
4.820000	7.586272	-0.349970	179.464925	4.991504	-0.706072	-4.980093	2.455716	-1.384860	4.796845	0.996008	-2.737586	2.628453	0.474117	0.719368	0.970489	0.305600	3.785948	-2.067566	8.845683
4.830000	7.600127	-0.342576	179.446031	5.018095	-0.692828	-4.984952	2.427350	-1.424672	4.814977	1.000493	-2.753886	2.616673	0.466426	0.719286	0.970555	0.305611	3.797673	-2.067338	8.874817
4.840000	7.620527	-0.331668	179.433722	5.046982	-0.681607	-5.003319	2.411165	-1.467160	4.840629	1.002033	-2.757084	2.607994	0.448926	0.719212	0.970629	0.305627	3.810432	-2.053965	8.906601
4.850000	7.640572	-0.316717	179.430276	5.067771	-0.671134	-5.035361	2.410831	-1.504231	4.866764	0.998980	-2.743263	2.600748	0.428138	0.719146	0.970701	0.305648	3.819897	-2.027965	8.931266
4.860000	7.655396	-0.298162	179.435335	5.075084	-0.659765	-5.076603	2.425339	-1.529683	4.888774	0.989957	-2.714690	2.593065	0.409210	0.719093	0.970761	0.305669	3.824124	-1.993223	8.943254
4.870000	7.664004	-0.278301	179.445604	5.070288	-0.646730	-5.117080	2.450276	-1.541925	4.905777	0.974964	-2.679130	2.584186	0.394842	0.719061	0.970806	0.305681	3.824416	-1.956385	8.943296
4.880000	7.668455	-0.261022	179.455602	5.059544	-0.632744	-5.143257	2.479880	-1.544132	4.919478	0.955870	-2.646224	2.574529	0.385960	0.719060	0.970833	0.305676	3.824707	-1.924860	8.936925
4.890000	7.671281	-0.250525	179.459577	5.049423	-0.619760	-5.142191	2.509105	-1.542482	4.931657	0.936071	-2.623397	2.564679	0.383166	0.719093	0.970845	0.305645	3.829625	-1.904401	8.930673
4.900000	7.672972	-0.249789	179.453602	5.043097	-0.610284	-5.106720	2.534396	-1.543265	4.941977	0.919678	-2.613611	2.554466	0.387009	0.719153	0.970843	0.305585	3.842279	-1.897359	8.928322
4.910000	7.671141	-0.259448	179.436722	5.039465	-0.606674	-5.039877	2.552767	-1.549637	4.947412	0.910650	-2.615840	2.543300	0.396237	0.719230	0.970834	0.305497	3.862931	-1.902161	8.929126
4.920000	7.662064	-0.277636	179.411071	5.035137	-0.610609	-4.956012	2.561068	-1.559605	4.943673	0.912004	-2.627339	2.531743	0.406056	0.719313	0.970829	0.305391	3.888834	-1.914440	8.928751
4.930000	7.643495	-0.301128	179.381113	5.027256	-0.622746	-4.876805	2.557170	-1.566611	4.927841	0.925078	-2.645317	2.522647	0.409039	0.719392	0.970835	0.305282	3.915255	-1.929716	8.922063
4.940000	7.616564	-0.326823	179.352070	5.015171	-0.642084	-4.823221	2.541860	-1.562124	4.900420	0.948635	-2.666531	2.520397	0.398515	0.719462	0.970853	0.305180	3.937351	-1.945812	8.905840
4.950000	7.585371	-0.352059	179.328348	5.000233	-0.664982	-4.807085	2.519068	-1.538566	4.865263	0.977960	-2.686132	2.528738	0.372063	0.719522	0.970877	0.305089	3.951662	-1.962647	8.879995
4.960000	7.554813	-0.374132	179.312790	4.984378	-0.685518	-4.826540	2.493972	-1.491842	4.827542	1.005594	-2.698227	2.548672	0.333365	0.719570	0.970890	0.305005	3.956383	-1.979963	8.847220
4.970000	7.528386	-0.390496	179.306543	4.968802	-0.698073	-4.867676	2.470685	-1.423341	4.791419	1.024502	-2.698591	2.577566	0.291715	0.719602	0.970876	0.304923	3.951109	-1.995730	8.811788
4.980000	7.507353	-0.399475	179.308899	4.953638	-0.699672	-4.911042	2.451309	-1.340695	4.758999	1.031133	-2.687300	2.609845	0.258862	0.719617	0.970830	0.304843	3.936963	-2.006344	8.778374
4.990000	7.491652	-0.400460	179.317357	4.938786	-0.690084	-4.939008	2.436660	-1.256364	4.731108	1.025830	-2.668656	2.638991	0.244328	0.719612	0.970758	0.304770	3.916863	-2.007918	8.751365
5.000000	7.481630	-0.393955	179.328511	4.925176	-0.670992	-4.940614	2.427501	-1.183763	4.708958	1.011397	-2.648021	2.660018	0.251675	0.719590	0.970680	0.304712	3.895020	-1.998300	8.734586
5.010000	7.479025	-0.382045	179.339432	4.915312	-0.645760	-4.913387	2.425072	-1.132252	4.695172	0.991794	-2.628248	2.671106	0.277763	0.719554	0.970615	0.304673	3.875609	-1.979096	8.730877
5.020000	7.486155	-0.368474	179.348493	4.912176	-0.619254	-4.862942	2.430894	-1.103945	4.693052	0.971229	-2.608899	2.673483	0.315166	0.719509	0.970578	0.304655	3.861473	-1.955915	8.741286
5.030000	7.504011	-0.357550	179.355277	4.917153	-0.596876	-4.800832	2.446159	-1.094291	4.704333	0.953140	-2.588627	2.670282	0.355814	0.719461	0.970572	0.304654	3.853692	-1.936017	8.764397
5.040000	7.530687	-0.352661	179.360224	4.928884	-0.583172	-4.740995	2.470272	-1.095538	4.727258	0.939691	-2.568536	2.665039	0.393043	0.719412	0.970589	0.304663	3.851898	-1.924987	8.796320
5.050000	7.561271	-0.355472	179.364500	4.944124	-0.580847	-4.695327	2.499015	-1.100870	4.756891	0.932201	-2.553726	2.659730	0.421223	0.719362	0.970619	0.304670	3.854789	-1.924667	8.831280
5.060000	7.589333	-0.365812	179.369512	4.959560	-0.590341	-4.669695	2.524691	-1.107450	4.787441	0.931431	-2.551744	2.653289	0.435069	0.719315	0.970650	0.304667	3.860727	-1.933077	8.862653
5.070000	7.609263	-0.382099	179.375977	4.973090	-0.609969	-4.662625	2.539063	-1.116825	4.814679	0.937346	-2.569368	2.642056	0.430678	0.719276	0.970676	0.304646	3.868209	-1.946061	8.884312
5.080000	7.618240	-0.402298	179.383278	4.984136	-0.636785	-4.667805	2.537001	-1.132170	4.836998	0.949152	-2.610171	2.622130	0.407662	0.719254	0.970692	0.304606	3.875926	-1.959876	8.892063
5.090000	7.617087	-0.424886	179.389427	4.993381	-0.667680	-4.678530	2.518492	-1.154487	4.854941	0.965716	-2.673612	2.592193	0.370428	0.719253	0.970701	0.304551	3.882770	-1.973259	8.884906
5.100000	7.609570	-0.449046	179.391423	5.002179	-0.699930	-4.690626	2.488195	-1.180663	4.869760	0.985799	-2.754958	2.555034	0.327201	0.719268	0.970704	0.304492	3.888200	-1.987644	8.865461
5.110000	7.600284	-0.473912	179.386180	5.011638	-0.731058	-4.702150	2.452981	-1.204128	4.881709	1.007997	-2.845606	2.517079	0.286912	0.719292	0.970704	0.304439	3.892519	-2.005458	8.839003
5.120000	7.592236	-0.497714	179.372056	5.021802	-0.758498	-4.711333	2.418766	-1.217132	4.888919	1.030753	-2.934145	2.486674	0.255324	0.719313	0.970705	0.304402	3.896471	-2.027902	8.811556
5.130000	7.585749	-0.517428	179.350010	5.031388	-0.779320	-4.715279	2.388736	-1.214027	4.887858	1.052232	-3.008370	2.471736	0.232609	0.719326	0.970706	0.304386	3.900537	-2.053550	8.788291
5.140000	7.579384	-0.528727	179.323351	5.038195	-0.789882	-4.710327	2.364315	-1.195168	4.875702	1.069542	-3.057971	2.476793	0.214380	0.719330	0.970705	0.304391	3.904598	-2.078010	8.772985
5.150000	7.572167	-0.526864	179.296453	5.040380	-0.786401	-4.693769	2.346878	-1.168604	4.853146	1.078775	-3.077617	2.500913	0.195286	0.719328	0.970697	0.304415	3.908037	-2.095139	8.768202
5.160000	7.565425	-0.509276	179.273551	5.038226	-0.767411	-4.666126	2.337558	-1.146432	4.825542	1.077418	-3.069350	2.538247	0.171969	0.719323	0.970681	0.304457	3.909905	-2.100148	8.775353
5.170000	7.562917	-0.477771	179.258030	5.034828	-0.735740	-4.632597	2.336109	-1.138030	4.801566	1.066572	-3.042520	2.580465	0.144057	0.719312	0.970657	0.304516	3.908988	-2.092109	8.794495
5.180000	7.568984	-0.437501	179.252041	5.034550	-0.697144	-4.602445	2.340937	-1.145635	4.789885	1.049772	-3.010680	2.619369	0.114059	0.719289	0.970629	0.304591	3.903829	-2.073163	8.824154
5.190000	7.585739	-0.393942	179.256209	5.040012	-0.656953	-4.586163	2.350480	-1.164430	4.795113	1.029925	-2.986574	2.649037	0.086711	0.719250	0.970606	0.304678	3.893180	-2.045984	8.861426
5.200000	7.611190	-0.351042	179.269490	5.049810	-0.618095	-4.591767	2.364545	-1.185728	4.815062	1.007980	-2.977176	2.667420	0.067708	0.719194	0.970594	0.304768	3.876887	-2.012757	8.902366
5.210000	7.639641	-0.311349	179.289397	5.058827	-0.581493	-4.622114	2.384285	-1.201434	4.841088	0.983942	-2.980867	2.676866	0.061794	0.719121	0.970596	0.304847	3.856622	-1.976011	8.942653
5.220000	7.664159	-0.276952	179.312606	5.060991	-0.547685	-4.673923	2.410922	-1.208116	4.861725	0.958578	-2.988092	2.682981	0.070563	0.719036	0.970612	0.304899	3.835872	-1.939513	8.978171
5.230000	7.679449	-0.250143	179.335797	5.052477	-0.518267	-4.738368	2.444245	-1.208820	4.867626	0.934274	-2.985300	2.692149	0.091055	0.718946	0.970637	0.304915	3.818999	-1.908072	9.005199
5.240000	7.683528	-0.233324	179.356152	5.033369	-0.496126	-4.803212	2.482106	-1.211895	4.855259	0.914453	-2.960490	2.708554	0.116587	0.718860	0.970666	0.304893	3.809910	-1.886389	9.020366
5.250000	7.677739	-0.228186	179.371142	5.007228	-0.484254	-4.856239	2.521218	-1.227548	4.827915	0.901986	-2.908013	2.731780	0.139874	0.718790	0.970695	0.304838	3.811190	-1.877767	9.021013
5.260000	7.665777	-0.234659	179.378202	4.979692	-0.483893	-4.888838	2.558208	-1.263399	4.794091	0.897751	-2.830963	2.756462	0.156465	0.718743	0.970717	0.304763	3.823786	-1.883241	9.006358
5.270000	7.652447	-0.250230	179.375072	4.957103	-0.493240	-4.898368	2.589888	-1.320663	4.764236	0.900143	-2.740638	2.774539	0.166440	0.718721	0.970731	0.304682	3.846896	-1.901287	8.978974
5.280000	7.642434	-0.270243	179.360662	4.945253	-0.507598	-4.888417	2.613095	-1.392816	4.747302	0.905575	-2.653418	2.778796	0.173951	0.718721	0.970734	0.304613	3.878092	-1.928189	8.945412
5.290000	7.639155	-0.289263	179.335883	4.947957	-0.521060	-4.866829	2.624958	-1.467485	4.748264	0.909620	-2.585838	2.765717	0.185168	0.718735	0.970728	0.304564	3.913823	-1.959087	8.914909
5.300000	7.643824	-0.302904	179.304069	4.965692	-0.528847	-4.842214	2.623683	-1.530425	4.767161	0.908514	-2.549201	2.736528	0.205328	0.718755	0.970714	0.304542	3.950140	-1.989352	8.896227
5.310000	7.655011	-0.309163	179.270741	4.995028	-0.529086	-4.820453	2.609192	-1.569689	4.799553	0.900564	-2.545911	2.696428	0.236097	0.718777	0.970692	0.304540	3.983376	-2.015644	8.894085
5.320000	7.669038	-0.308672	179.242534	5.029453	-0.523186	-4.802817	2.583141	-1.578601	4.838000	0.886886	-2.569751	2.652734	0.274769	0.718800	0.970661	0.304552	4.010499	-2.036204	8.907224
5.330000	7.681341	-0.303998	179.225374	5.061457	-0.514823	-4.786573	2.548569	-1.556979	4.874157	0.871095	-2.610376	2.612834	0.316014	0.718826	0.970623	0.304568	4.029100	-2.050453	8.929274
5.340000	7.688279	-0.298514	179.222511	5.084875	-0.508167	-4.767589	2.509816	-1.510852	4.901006	0.857999	-2.659130	2.582561	0.355063	0.718855	0.970580	0.304581	4.037288	-2.058416	8.951767
5.350000	7.688497	-0.295327	179.233303	5.096372	-0.506225	-4.743472	2.472765	-1.451237	4.914565	0.851732	-2.712118	2.565257	0.389947	0.718886	0.970534	0.304583	4.034009	-2.060418	8.967439
5.360000	7.683041	-0.296389	179.253352	5.095481	-0.509902	-4.715816	2.444721	-1.392209	4.914394	0.853994	-2.768637	2.561555	0.421012	0.718917	0.970490	0.304571	4.019941	-2.057042	8.972206
5.370000	7.674315	-0.301888	179.276000	5.083703	-0.517945	-4.690501	2.433019	-1.348123	4.902866	0.863115	-2.826769	2.569721	0.448334	0.718946	0.970452	0.304545	3.998255	-2.049116	8.965420
5.380000	7.664754	-0.310120	179.294602	5.063718	-0.527668	-4.675556	2.442331	-1.330253	4.883943	0.874528	-2.879861	2.586334	0.469573	0.718972	0.970425	0.304506	3.974220	-2.037583	8.949053
5.390000	7.656137	-0.318119	179.304682	5.039246	-0.536186	-4.677380	2.471994	-1.343895	4.862230	0.882701	-2.916676	2.607050	0.480300	0.718998	0.970414	0.304462	3.953475	-2.023514	8.926668
5.400000	7.649611	-0.322945	179.305109	5.015003	-0.541575	-4.697603	2.515225	-1.386855	4.842408	0.883737	-2.925349	2.627361	0.476690	0.719028	0.970422	0.304420	3.939985	-2.008493	8.902438
5.410000	7.645771	-0.322956	179.297990	4.995672	-0.543232	-4.732431	2.561387	-1.449959	4.828596	0.877086	-2.898967	2.643138	0.458635	0.719061	0.970450	0.304384	3.934835	-1.994981	8.880127
5.420000	7.644446	-0.318317	179.287714	4.983968	-0.541423	-4.774137	2.600273	-1.519682	4.823390	0.865436	-2.839898	2.651023	0.430847	0.719094	0.970490	0.304357	3.936155	-1.986092	8.862210
5.430000	7.644560	-0.310869	179.279653	4.979453	-0.536918	-4.813240	2.625453	-1.581556	4.827029	0.853423	-2.760480	2.649100	0.400805	0.719122	0.970533	0.304336	3.940071	-1.984933	8.849594
5.440000	7.644640	-0.303741	179.278588	4.979419	-0.531220	-4.840404	2.634848	-1.622843	4.837398	0.846184	-2.679467	2.637726	0.374922	0.719143	0.970570	0.304318	3.942426	-1.993983	8.842253
5.450000	7.643777	-0.300443	179.287148	4.981022	-0.526707	-4.848138	2.629683	-1.634723	4.851184	0.847866	-2.615802	2.619511	0.355886	0.719154	0.970596	0.304301	3.940524	-2.014305	8.840208
5.460000	7.642196	-0.303449	179.304865	4.982809	-0.525907	-4.833163	2.613585	-1.614397	4.865382	0.860137	-2.582430	2.598233	0.343044	0.719156	0.970616	0.304288	3.933947	-2.044655	8.843903
5.470000	7.640918	-0.312972	179.328562	4.984656	-0.530156	-4.799305	2.592107	-1.566293	4.878073	0.881315	-2.582575	2.577535	0.335065	0.719148	0.970636	0.304282	3.924067	-2.081116	8.853549
5.480000	7.640812	-0.326490	179.354227	4.986630	-0.538546	-4.758406	2.571962	-1.501500	4.888271	0.906631	-2.609685	2.560211	0.332450	0.719133	0.970660	0.304286	3.912531	-2.117630	8.868069
5.490000	7.641825	-0.339394	179.379384	4.988045	-0.548036	-4.726970	2.559286	-1.434975	4.895344	0.929743	-2.650571	2.548191	0.337627	0.719117	0.970688	0.304299	3.899772	-2.147532	8.884711
5.500000	7.642921	-0.346963	179.404359	4.987568	-0.554951	-4.719397	2.557268	-1.380808	4.898617	0.945177	-2.690192	2.542729	0.352238	0.719103	0.970712	0.304315	3.884634	-2.165910	8.899797
5.510000	7.642757	-0.346717	179.431436	4.984160	-0.556875	-4.741187	2.564757	-1.347613	4.897709	0.950488	-2.716484	2.544016	0.373865	0.719095	0.970725	0.304328	3.865373	-2.171564	8.910197
5.520000	7.640603	-0.339367	179.462261	4.978052	-0.553506	-4.785658	2.576959	-1.336421	4.893311	0.946699	-2.723950	2.550366	0.394999	0.719092	0.970724	0.304327	3.841429	-2.166958	8.914602
5.530000	7.636711	-0.328071	179.495499	4.970983	-0.546379	-4.836244	2.587341	-1.341326	4.887179	0.937236	-2.715103	2.558485	0.405263	0.719094	0.970711	0.304310	3.814755	-2.156473	8.913744
5.540000	7.631691	-0.316951	179.526636	4.965263	-0.538163	-4.873550	2.589771	-1.352058	4.880891	0.926423	-2.699054	2.565100	0.396140	0.719101	0.970696	0.304279	3.789817	-2.144530	8.909450
5.550000	7.625512	-0.309413	179.549952	4.962003	-0.531615	-4.883508	2.580936	-1.357784	4.874640	0.917921	-2.686889	2.568342	0.366002	0.719114	0.970687	0.304239	3.772266	-2.134228	8.903355
5.560000	7.617277	-0.306783	179.561334	4.960150	-0.528397	-4.862700	2.561914	-1.350880	4.867438	0.913413	-2.685412	2.567800	0.322486	0.719138	0.970689	0.304198	3.766678	-2.126660	8.896385
5.570000	7.606170	-0.308012	179.560456	4.957601	-0.528471	-4.818852	2.537237	-1.328934	4.858627	0.912247	-2.693264	2.563672	0.280485	0.719173	0.970699	0.304156	3.774147	-2.121267	8.889245
5.580000	7.592783	-0.310589	179.551236	4.953540	-0.530448	-4.766816	2.511983	-1.294389	4.849393	0.912253	-2.702500	2.556018	0.256646	0.719220	0.970709	0.304115	3.791116	-2.117046	8.883215
5.590000	7.579659	-0.312087	179.540167	4.949843	-0.532699	-4.722130	2.489282	-1.252618	4.842838	0.911227	-2.704663	2.544934	0.263130	0.719277	0.970709	0.304072	3.810551	-2.113779	8.880264
5.600000	7.570495	-0.311500	179.533178	4.950304	-0.534499	-4.695167	2.469882	-1.209735	4.842365	0.908175	-2.697267	2.531466	0.303510	0.719338	0.970691	0.304027	3.825173	-2.112391	8.882245
5.610000	7.568455	-0.309684	179.532739	4.958238	-0.536445	-4.688538	2.453479	-1.170969	4.849452	0.903693	-2.686589	2.518405	0.371792	0.719395	0.970654	0.303984	3.830850	-2.114285	8.889847
5.620000	7.574510	-0.308751	179.537007	4.974232	-0.540043	-4.698626	2.439946	-1.139578	4.862317	0.899503	-2.684993	2.510111	0.454050	0.719439	0.970604	0.303948	3.828112	-2.120266	8.902056
5.630000	7.586708	-0.310555	179.541452	4.995423	-0.546495	-4.719545	2.429472	-1.116462	4.876550	0.897113	-2.704311	2.510618	0.532556	0.719467	0.970551	0.303922	3.821093	-2.129586	8.916372
5.640000	7.600847	-0.314990	179.541635	5.016612	-0.555113	-4.746795	2.422114	-1.100647	4.887431	0.895977	-2.748913	2.520758	0.591710	0.719481	0.970508	0.303908	3.815036	-2.139382	8.929613
5.650000	7.612328	-0.319209	179.535456	5.032652	-0.562349	-4.778649	2.417349	-1.090820	4.892411	0.892372	-2.812271	2.536517	0.623744	0.719487	0.970488	0.303901	3.813951	-2.144917	8.939109
5.660000	7.618214	-0.318489	179.524280	5.040829	-0.562297	-4.814489	2.414153	-1.087900	4.892629	0.879847	-2.879037	2.549305	0.632268	0.719494	0.970498	0.303890	3.819135	-2.140869	8.943868
5.670000	7.618504	-0.308581	179.512425	5.042174	-0.549138	-4.851657	2.411350	-1.096020	4.892840	0.851715	-2.930991	2.548235	0.631454	0.719509	0.970539	0.303862	3.829229	-2.123544	8.945243
5.680000	7.616056	-0.288250	179.504894	5.041224	-0.520614	-4.883969	2.407597	-1.119772	4.899412	0.805046	-2.953113	2.524672	0.639694	0.719535	0.970603	0.303807	3.841859	-2.093121	8.946650
5.690000	7.614849	-0.260394	179.504929	5.043739	-0.480178	-4.903168	2.401639	-1.160640	4.916763	0.743998	-2.937639	2.477532	0.670042	0.719574	0.970674	0.303725	3.855094	-2.054616	8.951911
5.700000	7.616945	-0.231680	179.512582	5.052872	-0.437041	-4.902479	2.393312	-1.215733	4.943208	0.681506	-2.885601	2.417419	0.720966	0.719627	0.970734	0.303626	3.867791	-2.017455	8.962309
5.710000	7.619654	-0.211941	179.523916	5.065616	-0.405495	-4.880591	2.384822	-1.278514	4.967577	0.640079	-2.805983	2.368755	0.769799	0.719695	0.970762	0.303538	3.879828	-1.994723	8.973645
5.720000	7.614608	-0.214065	179.530692	5.071499	-0.404686	-4.844051	2.381579	-1.340387	4.968213	0.652119	-2.713449	2.369501	0.770247	0.719783	0.970740	0.303503	3.892705	-2.002777	8.975108
5.730000	7.591715	-0.250055	179.526870	5.061245	-0.451399	-4.790396	2.388238	-1.412359	4.924362	0.750509	-2.593429	2.453971	0.676885	0.719916	0.970651	0.303551	3.912086	-2.058112	8.956152
5.740000	7.538179	-0.336895	179.511830	5.030875	-0.566784	-4.686608	2.407311	-1.545555	4.814248	0.983677	-2.365067	2.659736	0.443116	0.720181	0.970449	0.303694	3.951065	-2.187984	8.907559
